URL,Page type,HTTP status,Final URL,Title,Title length,Title issue,Meta description,Meta description length,Meta issue,H1 count,H1 text,H1 issue,H2 list,H3 list,Canonical,Canonical issue,Robots,Robots issue,Sitemap included,Sitemap issue,Overall SEO status,Priority,Recommended fix
/,public SEO page,200,/,Authenticated Pre-Loved Luxury Sarees | From The Trunk,54,,"Shop authenticated pre-loved & vintage luxury sarees with provenance — heirloom silks, designer drapes and restored weaves, each with its own story.",148,,1,Authenticated Pre-Loved Luxury Sarees,,"From the Trunk: every saree still has a story left to tell. | Choose by feel, drape, and occasion. | Seen in the Trunk. | New arrivals From The Trunk. | Worn again, remembered forever. | Looking for a saree with a story?","Authenticated with provenance | Before the drape returns to the wardrobe. | One saree, many ways to carry presence. | The detail that makes a piece remembered. | A quiet statement from the trunk. | Pressed, checked, folded, and ready. | A restored saree finding its next story. | Magenta Mist Chiffon Drape | Mint Chiffon Garden Border Saree | Rani Pink Georgette | Midnight Gold Embroidered Georgette | StretchFit Blouse | StretchFit Blouse | What brings you to From the Trunk?",https://www.fromthetrunk.shop,,"index, follow",,yes,,Pass,Low,No rendered-page correction identified by automated checks.
/collection,collection page,200,/collection,Pre-Loved & Vintage Luxury Sarees – Shop All | From The Trunk,61,,"Browse our full collection of authenticated pre-loved sarees — silk, chiffon, Banarasi and designer drapes. One-of-a-kind pieces, new arrivals weekly.",150,,1,Pre-Loved& Vintage Luxury Sarees,,Filters | All pieces,"Tangerine Noir Floral Border Weave | Sunset Ombré Chiffon Draped Dream | Indigo & Plum Tied Silk Saree | Every saree, fully vouched for. | Forest & Flame Tie Dye Silk | Every saree, fully vouched for. | Moonstone Cream Mauve Border Saree | Marigold & Moss cotton | Midnight Garden Georgette Saree | Green Garden Silk Burgundy Zari Edge | Pink Katan temple border | Forest green silk black gold",https://www.fromthetrunk.shop/collection,,"index, follow",,yes,,Pass,Low,No rendered-page correction identified by automated checks.
/top-viewed,collection page,200,/top-viewed,Most-Viewed Pre-Loved Sarees – Top Picks | From The Trunk,57,,"Our most-viewed pre-loved sarees this week — authenticated silk, chiffon and designer drapes shoppers keep coming back to. One-of-a-kind, updated often.",152,,1,Most-Loved Pre-Loved Sarees,,,StretchFit Blouse | StretchFit Blouse | Tangerine Noir Floral Border Weave | Kempu Pachai & Bandhani | Sleeveless Cerise Pink StretchFit Blouse | Indigo & Plum Tied Silk Saree | Red Blue Madras Check Cotton,https://www.fromthetrunk.shop/top-viewed,,"index, follow",,yes,,Pass,Low,No rendered-page correction identified by automated checks.
/our-story,public SEO page,200,/our-story,Our Story — Sarees With Provenance | From The Trunk,51,,Why we authenticate every saree and pass on its story. Meet From The Trunk — a home for pre-loved luxury sarees that still have a story to tell.,144,,1,Our Story — Pre-Loved Sarees With Provenance,,"Elegance, given a second life.",,https://www.fromthetrunk.shop/our-story,,"index, follow",,yes,,Pass,Low,No rendered-page correction identified by automated checks.
/our-team,public SEO page,200,/our-team,Our Team | From The Trunk,25,,"Meet the team behind From The Trunk, a circular saree house for authenticated pre-loved sarees and restored Indian textiles.",124,,1,Our Founders,,The minds behind the trunk.,,https://www.fromthetrunk.shop/our-team,,"index, follow",,yes,,Pass,Low,No rendered-page correction identified by automated checks.
/faqs,public SEO page,200,/faqs,Pre-Loved Saree FAQs | From The Trunk,37,,"Answers on authenticity, sizing, shipping, returns and consignment for pre-loved sarees at From The Trunk.",106,,1,Pre-Loved Saree FAQs,,"Our policies, in a glimpse | Common questions, answered","Privacy Policy | Return, Refund & Exchange Policy | Shipping & Delivery Policy | Terms of Service | Authentication & Condition Policy | Care & Packaging Policy | Cancellation Policy | Sell With Us Policy | Grievance Redressal Policy | What is From the Trunk? | What is a pre-loved saree? | Are pre-loved sarees authentic? | Where can I buy authenticated pre-loved sarees in India? | How does From the Trunk verify sarees? | What is the difference between pre-loved and second-hand sarees? | Are vintage sarees sustainable? | How do I sell my old saree? | How do I store a silk saree? | How do I care for a Kanjeevaram saree? | What happens if a one-of-one saree is reserved? | Are the sarees really pre-loved? | Do you offer returns? | How do you ship the sarees? | How do I care for my saree? | What payment methods do you accept?",https://www.fromthetrunk.shop/faqs,,"index, follow",,yes,,Pass,Low,No rendered-page correction identified by automated checks.
/contact,public SEO page,200,/contact,Contact Us | From The Trunk Pre-Loved Sarees,44,,"Questions about a saree, an order, or consigning your own? Reach the From The Trunk team by email, WhatsApp or social.",118,,1,Contact From The Trunk,,,What brings you to From the Trunk?,https://www.fromthetrunk.shop/contact,,"index, follow",,yes,,Pass,Low,No rendered-page correction identified by automated checks.
/how-it-works,public SEO page,200,/how-it-works,How It Works — Buying & Authentication | From The Trunk,55,,"How From The Trunk sources, authenticates and ships pre-loved sarees — with provenance, care and confidence at every step.",122,,1,HowFromTheTrunkWorks—Buying&Authentication,,From trunk to wardrobe | Nothing is rushed. Nothing is treated like inventory. | A saree does not lose its past. It simply finds a new home.,Authenticated | Condition graded | Re-stored | Sourcing | Quality Control | Eco-Restoration | Sustainable Packaging | Doorstep Magic,https://www.fromthetrunk.shop/how-it-works,,"index, follow",,yes,,Pass,Low,No rendered-page correction identified by automated checks.
/authentication,public SEO page,200,/authentication,Saree Authentication & Provenance | From The Trunk,50,,"How From The Trunk verifies fibre, zari and provenance, so every pre-loved saree you buy is exactly what we say it is.",118,,1,How We Authenticate Every Pre-Loved Saree,,"The fibre & weave check | Reading the zari | Condition, graded honestly | Provenance & the story we can tell | What authentication means for you",,https://www.fromthetrunk.shop/authentication,,"index, follow",,yes,,Pass,Low,No rendered-page correction identified by automated checks.
/policies,policy page,200,/policies,Policies | From The Trunk,25,,"Privacy, returns, refunds, shipping, authentication, and customer-care policies for From the Trunk.",99,,1,"The small print, written with care.",,"Privacy Policy | Return, Refund & Exchange Policy | Shipping & Delivery Policy | Terms of Service | Authentication & Condition Policy | Care & Packaging Policy | Cancellation Policy | Sell With Us Policy | Grievance Redressal Policy",,https://www.fromthetrunk.shop/policies,,"index, follow",,yes,,Pass,Low,No rendered-page correction identified by automated checks.
/why,public SEO page,200,/why,Why We Do What We Do | From The Trunk,37,,"A voice led story experience about why From the Trunk restores, authenticates, and recirculates pre-loved luxury sarees.",120,,1,A saree is never just fabric.,,Memory | Craft | Circular | Each piece arrives with a past. We help it carry forward. | To buy pre-loved is to choose beauty with memory.,"Not pre-owned, re-stored. | One-of-one | Authenticated | Care packed | Conscious",https://www.fromthetrunk.shop/why,,"index, follow",,yes,,Pass,Low,No rendered-page correction identified by automated checks.
/sell-your-saree,public SEO page,200,/sell-your-saree,Sell Your Old Sarees Online | From The Trunk,44,,"Pass on old, vintage, or heirloom sarees through From the Trunk. Learn what we accept and how our review process works.",119,,1,Sell or consign sarees with a second story,,"A careful, respectful way to pass your saree into its next chapter. | A clear path, handled with care. | From your trunk to ours | Explore the next part of the trunk. | Everything you may want to ask first.",Authenticated | Condition noted | Story-led | Share the piece | We review with care | It is prepared | How do I sell my old saree? | What sarees can I submit? | Do you buy every old saree?,https://www.fromthetrunk.shop/sell-your-saree,,"index, follow",,yes,,Pass,Low,No rendered-page correction identified by automated checks.
/packing,public SEO page,200,/packing,Packaging & Care | From The Trunk,33,,How we wrap and protect every pre-loved saree for its journey to you.,69,,1,Our Packaging,,Prepared With Care | What Comes in the Box | Before Dispatch | Receiving Your Saree | Related Support,,https://www.fromthetrunk.shop/packing,,"index, follow",,yes,,Pass,Low,No rendered-page correction identified by automated checks.
/policies/privacy-policy,policy page,200,/policies/privacy-policy,Privacy Policy | From The Trunk,31,,"How From The Trunk collects, uses and protects your personal information.",73,,1,Privacy Policy,,Information we collect | How we use your information | Consent and withdrawal | Sharing of information | Payment security | Cookies and similar technologies | Data retention | Your rights | Children's privacy | Security | Third-party links | Updates to this policy | Contact and grievance,,https://www.fromthetrunk.shop/policies/privacy-policy,,"index, follow",,yes,,Pass,Low,No rendered-page correction identified by automated checks.
/policies/return-refund-policy,policy page,200,/policies/return-refund-policy,Returns & Exchanges | From The Trunk,36,,From The Trunk's returns and exchange policy for pre-loved sarees — what's covered and how it works.,100,,1,Returns & Exchanges,,Return window | When a return is eligible | When a return is not eligible | Condition of returned item | How to request a return | Return approval and pickup | Quality check after return | Refund timeline | Shipping charges | Exchanges and store credit | Damaged or missing package | Final decision,,https://www.fromthetrunk.shop/policies/return-refund-policy,,"index, follow",,yes,,Pass,Low,No rendered-page correction identified by automated checks.
/policies/shipping-delivery-policy,policy page,200,/policies/shipping-delivery-policy,Shipping & Delivery | From The Trunk,36,,"How From The Trunk packs and ships your pre-loved saree — timelines, coverage and what to expect.",97,,1,Shipping & Delivery,,Processing time | Packaging | Courier partners | Delivery timelines | Shipping charges | Tracking | Delivery attempts | International shipping | Lost or damaged shipments | Unboxing recommendation,,https://www.fromthetrunk.shop/policies/shipping-delivery-policy,,"index, follow",,yes,,Pass,Low,No rendered-page correction identified by automated checks.
/policies/terms-of-service,policy page,200,/policies/terms-of-service,Terms & Conditions | From The Trunk,35,,The terms that apply when you shop with or consign to From The Trunk.,69,,1,Terms & Conditions,,"About FTT | Product information | Colour and photography | Pricing | Orders and payments | Account, wishlist, and cart | Intellectual property and prohibited use | Limitation of liability | Governing law",,https://www.fromthetrunk.shop/policies/terms-of-service,,"index, follow",,yes,,Pass,Low,No rendered-page correction identified by automated checks.
/policies/authentication-condition-policy,policy page,200,/policies/authentication-condition-policy,Authentication & Condition Policy | From The Trunk,50,,"How we authenticate, grade, and document every pre-loved saree before it is listed.",83,,1,Authentication & Condition Policy,,Authentication | Condition check | Condition grades | Pre-loved character | Final check before dispatch | Authenticity guarantee,,https://www.fromthetrunk.shop/policies/authentication-condition-policy,,"index, follow",,yes,,Pass,Low,No rendered-page correction identified by automated checks.
/policies/care-packaging-policy,policy page,200,/policies/care-packaging-policy,Care & Packaging Policy | From The Trunk,40,,"How to store, wear, and care for your pre-loved saree, and how we package it.",77,,1,Care & Packaging Policy,,General care | Storage | Zari and delicate fabrics | Wearing care | Packaging | Damage after delivery,,https://www.fromthetrunk.shop/policies/care-packaging-policy,,"index, follow",,yes,,Pass,Low,No rendered-page correction identified by automated checks.
/policies/cancellation-policy,policy page,200,/policies/cancellation-policy,Cancellation Policy | From The Trunk,36,,"How and when an order can be cancelled by you, or by From the Trunk.",68,,1,Cancellation Policy,,Cancellation before dispatch | Cancellation after dispatch | Unique product hold | Cancellation by FTT | Cancellation charges,,https://www.fromthetrunk.shop/policies/cancellation-policy,,"index, follow",,yes,,Pass,Low,No rendered-page correction identified by automated checks.
/policies/sell-with-us-policy,policy page,200,/policies/sell-with-us-policy,Sell With Us Policy | From The Trunk,36,,How to submit a saree to From the Trunk for consignment and curation.,69,,1,Sell With Us Policy,,What you can submit | How to submit | Review process | Ownership confirmation | Pricing and commission | Rejection or return | Story and photography rights | Contact,,https://www.fromthetrunk.shop/policies/sell-with-us-policy,,"index, follow",,yes,,Pass,Low,No rendered-page correction identified by automated checks.
/policies/grievance-redressal,policy page,200,/policies/grievance-redressal,Grievance Redressal Policy | From The Trunk,43,,"How to reach us, and how we acknowledge and resolve grievances.",63,,1,Grievance Redressal Policy,,Customer support | Grievance Officer | Complaint acknowledgement | Resolution timeline | What to include | Escalation,,https://www.fromthetrunk.shop/policies/grievance-redressal,,"index, follow",,yes,,Pass,Low,No rendered-page correction identified by automated checks.
/collection/fabric/silk,collection page,200,/collection/fabric/silk,Pre-Loved Silk Sarees Online India | From The Trunk,51,,"Shop authenticated pre-loved silk sarees from From the Trunk: restored, story-logged, and ready for another life.",113,,1,"Pre-loved silk sarees, authenticated and re-stored",,Questions shoppers ask,Indigo & Plum Tied Silk Saree | Green Garden Silk Burgundy Zari Edge | Teal moody silk saree | Rose silk | Red Blue Madras Check Cotton | Midnight Kesari Cotton Drape | Brown and Mustard light Silk | Soft Girl Selai Green | Nila Blue Gold Zari Silk | Kempu Pachai & Bandhani | Are these silk sarees new? | How should I care for a pre-loved silk saree?,https://www.fromthetrunk.shop/collection/fabric/silk,,"index, follow",,yes,,Pass,Low,No rendered-page correction identified by automated checks.
/blouses,collection page,200,/blouses,Pre-Loved Saree Blouses | From The Trunk,40,,"Curated pre-loved and designer saree blouses to complete your drape — authenticated, one-of-a-kind pieces from From The Trunk.",126,,1,Pre-Loved & Designer Saree Blouses,,Questions shoppers ask,StretchFit Blouse | StretchFit Blouse | Sleeveless Cerise Pink StretchFit Blouse | Sleeveless Marigold Orange StretchFit | Sleeveless Black StretchFit | How often are new blouses added?,https://www.fromthetrunk.shop/blouses,,"index, follow",,yes,,Pass,Low,No rendered-page correction identified by automated checks.
/guides/what-is-a-pre-loved-saree,public SEO page / guide,200,/guides/what-is-a-pre-loved-saree,What Is a Pre-Loved Saree? | From The Trunk,43,,"A clear guide to what pre-loved sarees mean, how they differ from ordinary second-hand pieces, and how From the Trunk prepares them.",132,,1,What is a pre-loved saree?,,"A quiet guide for choosing, caring for, and understanding pre-loved sarees. | A clear path, handled with care. | Read with confidence | Explore the next part of the trunk. | Everything you may want to ask first.",Authenticated | Condition noted | Story-led | Understand the piece | Trust the process | Choose consciously | Is pre-loved the same as damaged? | Why buy a pre-loved saree?,https://www.fromthetrunk.shop/guides/what-is-a-pre-loved-saree,,"index, follow",,yes,,Pass,Low,No rendered-page correction identified by automated checks.
/guides/pre-loved-vs-second-hand-saree,public SEO page / guide,200,/guides/pre-loved-vs-second-hand-saree,Pre-Loved vs Second-Hand Sarees | From The Trunk,48,,"Understand how pre-loved sarees differ from ordinary second-hand listings, especially around condition, provenance, and curation.",129,,1,Pre-loved vs second-hand sarees,,"A quiet guide for choosing, caring for, and understanding pre-loved sarees. | A clear path, handled with care. | Read with confidence | Explore the next part of the trunk. | Everything you may want to ask first.",Authenticated | Condition noted | Story-led | Understand the piece | Trust the process | Choose consciously | Is pre-loved more expensive than second-hand? | Should I search for pre-loved or second-hand sarees?,https://www.fromthetrunk.shop/guides/pre-loved-vs-second-hand-saree,,"index, follow",,yes,,Pass,Low,No rendered-page correction identified by automated checks.
/collection/tangerine-noir-floral-border-weave,product page,200,/collection/tangerine-noir-floral-border-weave,Tangerine Noir Floral Border Weave – Pre-Loved Chiffon Saree | From The Trunk,77,,"Own 'Tangerine Noir Floral Border Weave', a one-of-a-kind pre-loved Chiffon saree authenticated by From The Trunk. Shipped with provenance.",139,,1,Tangerine Noir Floral Border Weave,,Not just pre-loved. Carefully re-stored. | Pieces from a similar chapter.,Story and provenance | Care and ownership | Measurements | Provenance | Condition | Textile | Measurements | Care | Shipping and ownership | Rose Vine Stripe Chiffon Saree | StretchFit Blouse | StretchFit Blouse | Sleeveless Cerise Pink StretchFit Blouse,https://www.fromthetrunk.shop/collection/tangerine-noir-floral-border-weave,,"index, follow",,yes,,Pass,Low,No rendered-page correction identified by automated checks.
/collection/sunset-ombr-chiffon-draped-dream,product page,200,/collection/sunset-ombr-chiffon-draped-dream,Sunset Ombré Chiffon Draped Dream – Pre-Loved Georgette Saree | From The Trunk,78,,"Own 'Sunset Ombré Chiffon Draped Dream', a one-of-a-kind pre-loved Georgette saree authenticated by From The Trunk. Shipped with provenance.",140,,1,Sunset Ombré Chiffon Draped Dream,,Not just pre-loved. Carefully re-stored. | Pieces from a similar chapter.,Story and provenance | Care and ownership | Measurements | Provenance | Condition | Textile | Measurements | Care | Shipping and ownership | StretchFit Blouse | StretchFit Blouse | Sleeveless Cerise Pink StretchFit Blouse | Sleeveless Marigold Orange StretchFit,https://www.fromthetrunk.shop/collection/sunset-ombr-chiffon-draped-dream,,"index, follow",,yes,,Pass,Low,No rendered-page correction identified by automated checks.
/collection/indigo-plum-tied-silk-saree,product page,200,/collection/indigo-plum-tied-silk-saree,Indigo & Plum Tied Silk Saree | From The Trunk,46,,"Own 'Indigo & Plum Tied Silk Saree', a one-of-a-kind pre-loved Silk saree authenticated by From The Trunk. Shipped with provenance.",131,,1,Indigo & Plum Tied Silk Saree,,Not just pre-loved. Carefully re-stored. | Pieces from a similar chapter.,Story and provenance | Care and ownership | Measurements | Provenance | Condition | Textile | Measurements | Care | Shipping and ownership | Coral Sunrise Chiffon Georgette Saree | Forest & Flame Tie Dye Silk | StretchFit Blouse | StretchFit Blouse,https://www.fromthetrunk.shop/collection/indigo-plum-tied-silk-saree,,"index, follow",,yes,,Pass,Low,No rendered-page correction identified by automated checks.
/collection/forest-flame-tie-dye-silk,product page,200,/collection/forest-flame-tie-dye-silk,Forest & Flame Tie Dye Silk – Pre-Loved Silk Saree | From The Trunk,67,,"Own 'Forest & Flame Tie Dye Silk', a one-of-a-kind pre-loved Silk saree authenticated by From The Trunk. Before the loom, there. Shipped with provenance.",153,,1,Forest & Flame Tie Dye Silk,,Not just pre-loved. Carefully re-stored. | Pieces from a similar chapter.,Story and provenance | Care and ownership | Measurements | Provenance | Condition | Textile | Measurements | Care | Shipping and ownership | Coral Sunrise Chiffon Georgette Saree | Indigo & Plum Tied Silk Saree | StretchFit Blouse | StretchFit Blouse,https://www.fromthetrunk.shop/collection/forest-flame-tie-dye-silk,,"index, follow",,yes,,Pass,Low,No rendered-page correction identified by automated checks.
/collection/moonstone-cream-mauve-border-saree,product page,200,/collection/moonstone-cream-mauve-border-saree,Moonstone Cream Mauve Border Saree – Pre-Loved Organza Saree | From The Trunk,77,,"Own 'Moonstone Cream Mauve Border Saree', a one-of-a-kind pre-loved Organza saree authenticated by From The Trunk. Shipped with provenance.",139,,1,Moonstone Cream Mauve Border Saree,,Not just pre-loved. Carefully re-stored. | Pieces from a similar chapter.,Story and provenance | Care and ownership | Measurements | Provenance | Condition | Textile | Measurements | Care | Shipping and ownership | StretchFit Blouse | StretchFit Blouse | Sleeveless Cerise Pink StretchFit Blouse | Sleeveless Marigold Orange StretchFit,https://www.fromthetrunk.shop/collection/moonstone-cream-mauve-border-saree,,"index, follow",,yes,,Pass,Low,No rendered-page correction identified by automated checks.
/collection/marigold-moss-cotton,product page,200,/collection/marigold-moss-cotton,Marigold & Moss cotton – Pre-Loved Cotton Saree | From The Trunk,64,,"Own 'Marigold & Moss cotton', a one-of-a-kind pre-loved Cotton saree authenticated by From The Trunk. Handwoven in a fine cotton. Shipped with provenance.",154,,1,Marigold & Moss cotton,,Not just pre-loved. Carefully re-stored. | Pieces from a similar chapter.,Story and provenance | Care and ownership | Measurements | Provenance | Condition | Textile | Measurements | Care | Shipping and ownership | StretchFit Blouse | Sleeveless Cerise Pink StretchFit Blouse | Sleeveless Black StretchFit | StretchFit Blouse,https://www.fromthetrunk.shop/collection/marigold-moss-cotton,,"index, follow",,yes,,Pass,Low,No rendered-page correction identified by automated checks.
/collection/midnight-garden-georgette-saree,product page,200,/collection/midnight-garden-georgette-saree,Midnight Garden Georgette Saree | From The Trunk,48,,"Own 'Midnight Garden Georgette Saree', a one-of-a-kind pre-loved Georgette saree authenticated by From The Trunk. Shipped with provenance.",138,,1,Midnight Garden Georgette Saree,,Not just pre-loved. Carefully re-stored. | Pieces from a similar chapter.,Story and provenance | Care and ownership | Measurements | Provenance | Condition | Textile | Measurements | Care | Shipping and ownership | Sunset Ombré Chiffon Draped Dream | StretchFit Blouse | StretchFit Blouse | Sleeveless Cerise Pink StretchFit Blouse,https://www.fromthetrunk.shop/collection/midnight-garden-georgette-saree,,"index, follow",,yes,,Pass,Low,No rendered-page correction identified by automated checks.
/collection/verdant-bloom-silk-burgundy-gold-border,product page,200,/collection/verdant-bloom-silk-burgundy-gold-border,Green Garden Silk Burgundy Zari Edge – Pre-Loved Silk Saree | From The Trunk,76,,"Own 'Green Garden Silk Burgundy Zari Edge', a one-of-a-kind pre-loved Silk saree authenticated by From The Trunk. Shipped with provenance.",138,,1,Green Garden Silk Burgundy Zari Edge,,Not just pre-loved. Carefully re-stored. | Pieces from a similar chapter.,Story and provenance | Care and ownership | Measurements | Provenance | Condition | Textile | Measurements | Care | Shipping and ownership | Coral Sunrise Chiffon Georgette Saree | Indigo & Plum Tied Silk Saree | Forest & Flame Tie Dye Silk | StretchFit Blouse,https://www.fromthetrunk.shop/collection/verdant-bloom-silk-burgundy-gold-border,,"index, follow",,yes,,Pass,Low,No rendered-page correction identified by automated checks.
/collection/pink-katan-triangle-zari-edge,product page,200,/collection/pink-katan-triangle-zari-edge,Pink Katan temple border – Pre-Loved Silk Saree | From The Trunk,64,,"Own 'Pink Katan temple border', a one-of-a-kind pre-loved Silk saree authenticated by From The Trunk. Temple borders of this. Shipped with provenance.",150,,1,Pink Katan temple border,,Not just pre-loved. Carefully re-stored. | Pieces from a similar chapter.,Story and provenance | Care and ownership | Measurements | Provenance | Condition | Textile | Measurements | Care | Shipping and ownership | Coral Sunrise Chiffon Georgette Saree | Indigo & Plum Tied Silk Saree | Forest & Flame Tie Dye Silk | StretchFit Blouse,https://www.fromthetrunk.shop/collection/pink-katan-triangle-zari-edge,,"index, follow",,yes,,Pass,Low,No rendered-page correction identified by automated checks.
/collection/forest-green-silk-black-gold,product page,200,/collection/forest-green-silk-black-gold,Forest green silk black gold – Pre-Loved Silk Saree | From The Trunk,68,,"Own 'Forest green silk black gold', a one-of-a-kind pre-loved Silk saree authenticated by From The Trunk. Shipped with provenance.",130,,1,Forest green silk black gold,,Not just pre-loved. Carefully re-stored. | Pieces from a similar chapter.,Story and provenance | Care and ownership | Measurements | Provenance | Condition | Textile | Measurements | Care | Shipping and ownership | Coral Sunrise Chiffon Georgette Saree | Indigo & Plum Tied Silk Saree | Forest & Flame Tie Dye Silk | StretchFit Blouse,https://www.fromthetrunk.shop/collection/forest-green-silk-black-gold,,"index, follow",,yes,,Pass,Low,No rendered-page correction identified by automated checks.
/collection/teal-blue-moody-silk-drape,product page,200,/collection/teal-blue-moody-silk-drape,Teal moody silk saree | From The Trunk,38,,"Own 'Teal moody silk saree', a one-of-a-kind pre-loved Silk saree authenticated by From The Trunk. There is a moment in the late. Shipped with provenance.",154,,1,Teal moody silk saree,,Not just pre-loved. Carefully re-stored. | Pieces from a similar chapter.,Story and provenance | Care and ownership | Measurements | Provenance | Condition | Textile | Measurements | Care | Shipping and ownership | Coral Sunrise Chiffon Georgette Saree | Indigo & Plum Tied Silk Saree | Forest & Flame Tie Dye Silk | StretchFit Blouse,https://www.fromthetrunk.shop/collection/teal-blue-moody-silk-drape,,"index, follow",,yes,,Pass,Low,No rendered-page correction identified by automated checks.
/collection/rose-silk-green-brown-stripe,product page,200,/collection/rose-silk-green-brown-stripe,Rose silk – Pre-Loved Silk Saree | From The Trunk,49,,"Own 'Rose silk', a one-of-a-kind pre-loved Silk saree authenticated by From The Trunk. Before a single thread was thrown across. Shipped with provenance.",153,,1,Rose silk,,Not just pre-loved. Carefully re-stored. | Pieces from a similar chapter.,Story and provenance | Care and ownership | Measurements | Provenance | Condition | Textile | Measurements | Care | Shipping and ownership | Coral Sunrise Chiffon Georgette Saree | Indigo & Plum Tied Silk Saree | Forest & Flame Tie Dye Silk | StretchFit Blouse,https://www.fromthetrunk.shop/collection/rose-silk-green-brown-stripe,,"index, follow",,yes,,Pass,Low,No rendered-page correction identified by automated checks.
/collection/mustard-organza-brown-border-drape,product page,200,/collection/mustard-organza-brown-border-drape,Harvest gold – Pre-Loved Organza Saree | From The Trunk,55,,"Own 'Harvest gold', a one-of-a-kind pre-loved Organza saree authenticated by From The Trunk. Organza of this character. Shipped with provenance.",144,,1,Harvest gold,,Not just pre-loved. Carefully re-stored. | Pieces from a similar chapter.,Story and provenance | Care and ownership | Measurements | Provenance | Condition | Textile | Measurements | Care | Shipping and ownership | Moonstone Cream Mauve Border Saree | StretchFit Blouse | StretchFit Blouse | Sleeveless Cerise Pink StretchFit Blouse,https://www.fromthetrunk.shop/collection/mustard-organza-brown-border-drape,,"index, follow",,yes,,Pass,Low,No rendered-page correction identified by automated checks.
/collection/charcoal-gold-organza-heirloom-drape,product page,200,/collection/charcoal-gold-organza-heirloom-drape,Charcoal gold organza heirloom drape – Pre-Loved Organza Saree | From The Trunk,79,,"Own 'Charcoal gold organza heirloom drape', a one-of-a-kind pre-loved Organza saree authenticated by From The Trunk. Shipped with provenance.",141,,1,Charcoal gold organza heirloom drape,,Not just pre-loved. Carefully re-stored. | Pieces from a similar chapter.,Story and provenance | Care and ownership | Measurements | Provenance | Condition | Textile | Measurements | Care | Shipping and ownership | Moonstone Cream Mauve Border Saree | StretchFit Blouse | StretchFit Blouse | Sleeveless Cerise Pink StretchFit Blouse,https://www.fromthetrunk.shop/collection/charcoal-gold-organza-heirloom-drape,,"index, follow",,yes,,Pass,Low,No rendered-page correction identified by automated checks.
/collection/beige-organza-peach-bloom,product page,200,/collection/beige-organza-peach-bloom,Beige Organza Peach Bloom Print – Pre-Loved Organza Saree | From The Trunk,74,,"Own 'Beige Organza Peach Bloom Print', a one-of-a-kind pre-loved Organza saree authenticated by From The Trunk. Shipped with provenance.",136,,1,Beige Organza Peach Bloom Print,,Not just pre-loved. Carefully re-stored. | Pieces from a similar chapter.,Story and provenance | Care and ownership | Measurements | Provenance | Condition | Textile | Measurements | Care | Shipping and ownership | Moonstone Cream Mauve Border Saree | StretchFit Blouse | StretchFit Blouse | Sleeveless Cerise Pink StretchFit Blouse,https://www.fromthetrunk.shop/collection/beige-organza-peach-bloom,,"index, follow",,yes,,Pass,Low,No rendered-page correction identified by automated checks.
/collection/maroon-chettinad-cotton,product page,200,/collection/maroon-chettinad-cotton,Maroon chettinad cotton – Pre-Loved Cotton Saree | From The Trunk,65,,"Own 'Maroon chettinad cotton', a one-of-a-kind pre-loved Cotton saree authenticated by From The Trunk. Born on the handlooms of. Shipped with provenance.",153,,1,Maroon chettinad cotton,,Not just pre-loved. Carefully re-stored. | Pieces from a similar chapter.,Story and provenance | Care and ownership | Measurements | Provenance | Condition | Textile | Measurements | Care | Shipping and ownership | StretchFit Blouse | Sleeveless Cerise Pink StretchFit Blouse | Sleeveless Black StretchFit | StretchFit Blouse,https://www.fromthetrunk.shop/collection/maroon-chettinad-cotton,,"index, follow",,yes,,Pass,Low,No rendered-page correction identified by automated checks.
/collection/deep-wine-organza,product page,200,/collection/deep-wine-organza,Deep wine organza – Pre-Loved Organza Saree | From The Trunk,60,,"Own 'Deep wine organza', a one-of-a-kind pre-loved Organza saree authenticated by From The Trunk. A sumptuous burgundy saree. Shipped with provenance.",150,,1,Deep wine organza,,Not just pre-loved. Carefully re-stored. | Pieces from a similar chapter.,Story and provenance | Care and ownership | Measurements | Provenance | Condition | Textile | Measurements | Care | Shipping and ownership | Moonstone Cream Mauve Border Saree | StretchFit Blouse | StretchFit Blouse | Sleeveless Cerise Pink StretchFit Blouse,https://www.fromthetrunk.shop/collection/deep-wine-organza,,"index, follow",,yes,,Pass,Low,No rendered-page correction identified by automated checks.
/collection/indigo-dusk-silk-cotton,product page,200,/collection/indigo-dusk-silk-cotton,Indigo Dusk – Pre-Loved Cotton Saree | From The Trunk,53,,"Own 'Indigo Dusk', a one-of-a-kind pre-loved Cotton saree authenticated by From The Trunk. A striking deep blue saree adorned. Shipped with provenance.",151,,1,Indigo Dusk,,Not just pre-loved. Carefully re-stored. | Pieces from a similar chapter.,Story and provenance | Care and ownership | Measurements | Provenance | Condition | Textile | Measurements | Care | Shipping and ownership | StretchFit Blouse | Sleeveless Cerise Pink StretchFit Blouse | Sleeveless Black StretchFit | StretchFit Blouse,https://www.fromthetrunk.shop/collection/indigo-dusk-silk-cotton,,"index, follow",,yes,,Pass,Low,No rendered-page correction identified by automated checks.
/collection/reddish-mango-cotton-orange-border,product page,200,/collection/reddish-mango-cotton-orange-border,Reddish mango – Pre-Loved Cotton Saree | From The Trunk,55,,"Own 'Reddish mango', a one-of-a-kind pre-loved Cotton saree authenticated by From The Trunk. There is a precise moment in the. Shipped with provenance.",151,,1,Reddish mango,,Not just pre-loved. Carefully re-stored. | Pieces from a similar chapter.,Story and provenance | Care and ownership | Measurements | Provenance | Condition | Textile | Measurements | Care | Shipping and ownership | StretchFit Blouse | Sleeveless Cerise Pink StretchFit Blouse | Sleeveless Black StretchFit | StretchFit Blouse,https://www.fromthetrunk.shop/collection/reddish-mango-cotton-orange-border,,"index, follow",,yes,,Pass,Low,No rendered-page correction identified by automated checks.
/collection/magenta-cotton,product page,200,/collection/magenta-cotton,Magenta Cotton Gold Zari Border – Pre-Loved Cotton Saree | From The Trunk,73,,"Own 'Magenta Cotton Gold Zari Border', a one-of-a-kind pre-loved Cotton saree authenticated by From The Trunk. Shipped with provenance.",135,,1,Magenta Cotton Gold Zari Border,,Not just pre-loved. Carefully re-stored. | Pieces from a similar chapter.,Story and provenance | Care and ownership | Measurements | Provenance | Condition | Textile | Measurements | Care | Shipping and ownership | StretchFit Blouse | Sleeveless Cerise Pink StretchFit Blouse | Sleeveless Black StretchFit | StretchFit Blouse,https://www.fromthetrunk.shop/collection/magenta-cotton,,"index, follow",,yes,,Pass,Low,No rendered-page correction identified by automated checks.
/collection/red-blue-madras-check-cotton,product page,200,/collection/red-blue-madras-check-cotton,Red Blue Madras Check Cotton – Pre-Loved Cotton Silk Saree | From The Trunk,75,,"Own 'Red Blue Madras Check Cotton', a one-of-a-kind pre-loved Cotton Silk saree authenticated by From The Trunk. Shipped with provenance.",137,,1,Red Blue Madras Check Cotton,,Not just pre-loved. Carefully re-stored. | Pieces from a similar chapter.,Story and provenance | Care and ownership | Measurements | Provenance | Condition | Textile | Measurements | Care | Shipping and ownership | StretchFit Blouse | StretchFit Blouse | Sleeveless Cerise Pink StretchFit Blouse | Sleeveless Marigold Orange StretchFit,https://www.fromthetrunk.shop/collection/red-blue-madras-check-cotton,,"index, follow",,yes,,Pass,Low,No rendered-page correction identified by automated checks.
/collection/twilight-orange-cotton-weave,product page,200,/collection/twilight-orange-cotton-weave,Twilight Orange Cotton Weave – Pre-Loved Cotton Saree | From The Trunk,70,,"Own 'Twilight Orange Cotton Weave', a one-of-a-kind pre-loved Cotton saree authenticated by From The Trunk. Shipped with provenance.",132,,1,Twilight Orange Cotton Weave,,Not just pre-loved. Carefully re-stored. | Pieces from a similar chapter.,Story and provenance | Care and ownership | Measurements | Provenance | Condition | Textile | Measurements | Care | Shipping and ownership | StretchFit Blouse | Sleeveless Cerise Pink StretchFit Blouse | Sleeveless Black StretchFit | StretchFit Blouse,https://www.fromthetrunk.shop/collection/twilight-orange-cotton-weave,,"index, follow",,yes,,Pass,Low,No rendered-page correction identified by automated checks.
/collection/lime-and-gold-cotton-classic,product page,200,/collection/lime-and-gold-cotton-classic,Lime and Gold Cotton Classic – Pre-Loved Cotton Saree | From The Trunk,70,,"Own 'Lime and Gold Cotton Classic', a one-of-a-kind pre-loved Cotton saree authenticated by From The Trunk. Shipped with provenance.",132,,1,Lime and Gold Cotton Classic,,Not just pre-loved. Carefully re-stored. | Pieces from a similar chapter.,Story and provenance | Care and ownership | Measurements | Provenance | Condition | Textile | Measurements | Care | Shipping and ownership | StretchFit Blouse | Sleeveless Cerise Pink StretchFit Blouse | Sleeveless Black StretchFit | StretchFit Blouse,https://www.fromthetrunk.shop/collection/lime-and-gold-cotton-classic,,"index, follow",,yes,,Pass,Low,No rendered-page correction identified by automated checks.
/collection/midnight-tribe-gold-border-cotton,product page,200,/collection/midnight-tribe-gold-border-cotton,Midnight Tribe Gold Border Cotton – Pre-Loved Cotton Saree | From The Trunk,75,,"Own 'Midnight Tribe Gold Border Cotton', a one-of-a-kind pre-loved Cotton saree authenticated by From The Trunk. Shipped with provenance.",137,,1,Midnight Tribe Gold Border Cotton,,Not just pre-loved. Carefully re-stored. | Pieces from a similar chapter.,Story and provenance | Care and ownership | Measurements | Provenance | Condition | Textile | Measurements | Care | Shipping and ownership | StretchFit Blouse | Sleeveless Cerise Pink StretchFit Blouse | Sleeveless Black StretchFit | StretchFit Blouse,https://www.fromthetrunk.shop/collection/midnight-tribe-gold-border-cotton,,"index, follow",,yes,,Pass,Low,No rendered-page correction identified by automated checks.
/collection/autumn-ember-golden-leaf-cotton,product page,200,/collection/autumn-ember-golden-leaf-cotton,Autumn Ember Golden Leaf Cotton – Pre-Loved Cotton Saree | From The Trunk,73,,"Own 'Autumn Ember Golden Leaf Cotton', a one-of-a-kind pre-loved Cotton saree authenticated by From The Trunk. Shipped with provenance.",135,,1,Autumn Ember Golden Leaf Cotton,,Not just pre-loved. Carefully re-stored. | Pieces from a similar chapter.,Story and provenance | Care and ownership | Measurements | Provenance | Condition | Textile | Measurements | Care | Shipping and ownership | StretchFit Blouse | Sleeveless Cerise Pink StretchFit Blouse | Sleeveless Black StretchFit | StretchFit Blouse,https://www.fromthetrunk.shop/collection/autumn-ember-golden-leaf-cotton,,"index, follow",,yes,,Pass,Low,No rendered-page correction identified by automated checks.
/collection/orange-blossom-cotton-weave,product page,200,/collection/orange-blossom-cotton-weave,Orange Blossom Cotton Weave – Pre-Loved Cotton Saree | From The Trunk,69,,"Own 'Orange Blossom Cotton Weave', a one-of-a-kind pre-loved Cotton saree authenticated by From The Trunk. Shipped with provenance.",131,,1,Orange Blossom Cotton Weave,,Not just pre-loved. Carefully re-stored. | Pieces from a similar chapter.,Story and provenance | Care and ownership | Measurements | Provenance | Condition | Textile | Measurements | Care | Shipping and ownership | StretchFit Blouse | Sleeveless Cerise Pink StretchFit Blouse | Sleeveless Black StretchFit | StretchFit Blouse,https://www.fromthetrunk.shop/collection/orange-blossom-cotton-weave,,"index, follow",,yes,,Pass,Low,No rendered-page correction identified by automated checks.
/collection/midnight-kesari-cotton-drape,product page,200,/collection/midnight-kesari-cotton-drape,Midnight Kesari Cotton Drape – Pre-Loved Silk Saree | From The Trunk,68,,"Own 'Midnight Kesari Cotton Drape', a one-of-a-kind pre-loved Silk saree authenticated by From The Trunk. Shipped with provenance.",130,,1,Midnight Kesari Cotton Drape,,Not just pre-loved. Carefully re-stored. | Pieces from a similar chapter.,Story and provenance | Care and ownership | Measurements | Provenance | Condition | Textile | Measurements | Care | Shipping and ownership | Coral Sunrise Chiffon Georgette Saree | Indigo & Plum Tied Silk Saree | Forest & Flame Tie Dye Silk | StretchFit Blouse,https://www.fromthetrunk.shop/collection/midnight-kesari-cotton-drape,,"index, follow",,yes,,Pass,Low,No rendered-page correction identified by automated checks.
/collection/blush-green-handwoven-cotton-drape,product page,200,/collection/blush-green-handwoven-cotton-drape,Blush green – Pre-Loved Cotton Saree | From The Trunk,53,,"Own 'Blush green', a one-of-a-kind pre-loved Cotton saree authenticated by From The Trunk. There is a green that exists just. Shipped with provenance.",150,,1,Blush green,,Not just pre-loved. Carefully re-stored. | Pieces from a similar chapter.,Story and provenance | Care and ownership | Measurements | Provenance | Condition | Textile | Measurements | Care | Shipping and ownership | StretchFit Blouse | Sleeveless Cerise Pink StretchFit Blouse | Sleeveless Black StretchFit | StretchFit Blouse,https://www.fromthetrunk.shop/collection/blush-green-handwoven-cotton-drape,,"index, follow",,yes,,Pass,Low,No rendered-page correction identified by automated checks.
/collection/brown-kapi-cotton-black-line-border,product page,200,/collection/brown-kapi-cotton-black-line-border,Brown Kapi Cotton – Pre-Loved Cotton Saree | From The Trunk,59,,"Own 'Brown Kapi Cotton', a one-of-a-kind pre-loved Cotton saree authenticated by From The Trunk. Kapi - the warm, toasted brown. Shipped with provenance.",153,,1,Brown Kapi Cotton,,Not just pre-loved. Carefully re-stored. | Pieces from a similar chapter.,Story and provenance | Care and ownership | Measurements | Provenance | Condition | Textile | Measurements | Care | Shipping and ownership | StretchFit Blouse | Sleeveless Cerise Pink StretchFit Blouse | Sleeveless Black StretchFit | StretchFit Blouse,https://www.fromthetrunk.shop/collection/brown-kapi-cotton-black-line-border,,"index, follow",,yes,,Pass,Low,No rendered-page correction identified by automated checks.
/collection/brown-and-mustard-light-silk,product page,200,/collection/brown-and-mustard-light-silk,Brown and Mustard light Silk – Pre-Loved Silk Saree | From The Trunk,68,,"Own 'Brown and Mustard light Silk', a one-of-a-kind pre-loved Silk saree authenticated by From The Trunk. Shipped with provenance.",130,,1,Brown and Mustard light Silk,,Not just pre-loved. Carefully re-stored. | Pieces from a similar chapter.,Story and provenance | Care and ownership | Measurements | Provenance | Condition | Textile | Measurements | Care | Shipping and ownership | Coral Sunrise Chiffon Georgette Saree | Indigo & Plum Tied Silk Saree | Forest & Flame Tie Dye Silk | StretchFit Blouse,https://www.fromthetrunk.shop/collection/brown-and-mustard-light-silk,,"index, follow",,yes,,Pass,Low,No rendered-page correction identified by automated checks.
/collection/kesari-sunset-chiffon-saree,product page,200,/collection/kesari-sunset-chiffon-saree,Kesari Sunset Chiffon Saree | From The Trunk,44,,"Own 'Kesari Sunset Chiffon Saree', a one-of-a-kind pre-loved Chiffon saree authenticated by From The Trunk. Shipped with provenance.",132,,1,Kesari Sunset Chiffon Saree,,Not just pre-loved. Carefully re-stored. | Pieces from a similar chapter.,Story and provenance | Care and ownership | Measurements | Provenance | Condition | Textile | Measurements | Care | Shipping and ownership | Tangerine Noir Floral Border Weave | Rose Vine Stripe Chiffon Saree | StretchFit Blouse | StretchFit Blouse,https://www.fromthetrunk.shop/collection/kesari-sunset-chiffon-saree,,"index, follow",,yes,,Pass,Low,No rendered-page correction identified by automated checks.
/collection/magenta-mist-chiffon-drape,product page,200,/collection/magenta-mist-chiffon-drape,Magenta Mist Chiffon Drape – Pre-Loved Chiffon Saree | From The Trunk,69,,"Own 'Magenta Mist Chiffon Drape', a one-of-a-kind pre-loved Chiffon saree authenticated by From The Trunk. Shipped with provenance.",131,,1,Magenta Mist Chiffon Drape,,Not just pre-loved. Carefully re-stored. | Pieces from a similar chapter.,Story and provenance | Care and ownership | Measurements | Provenance | Condition | Textile | Measurements | Care | Shipping and ownership | Tangerine Noir Floral Border Weave | Rose Vine Stripe Chiffon Saree | StretchFit Blouse | StretchFit Blouse,https://www.fromthetrunk.shop/collection/magenta-mist-chiffon-drape,,"index, follow",,yes,,Pass,Low,No rendered-page correction identified by automated checks.
/collection/green-chiffon-with-fancy-border,product page,200,/collection/green-chiffon-with-fancy-border,Mint Chiffon Garden Border Saree – Pre-Loved Chiffon Saree | From The Trunk,75,,"Own 'Mint Chiffon Garden Border Saree', a one-of-a-kind pre-loved Chiffon saree authenticated by From The Trunk. Shipped with provenance.",137,,1,Mint Chiffon Garden Border Saree,,Not just pre-loved. Carefully re-stored. | Pieces from a similar chapter.,Story and provenance | Care and ownership | Measurements | Provenance | Condition | Textile | Measurements | Care | Shipping and ownership | Tangerine Noir Floral Border Weave | Rose Vine Stripe Chiffon Saree | StretchFit Blouse | StretchFit Blouse,https://www.fromthetrunk.shop/collection/green-chiffon-with-fancy-border,,"index, follow",,yes,,Pass,Low,No rendered-page correction identified by automated checks.
/collection/rani-pink-georgette-garden-party,product page,200,/collection/rani-pink-georgette-garden-party,Rani Pink Georgette – Pre-Loved Georgette Saree | From The Trunk,64,,"Own 'Rani Pink Georgette', a one-of-a-kind pre-loved Georgette saree authenticated by From The Trunk. There is a particular. Shipped with provenance.",149,,1,Rani Pink Georgette,,Not just pre-loved. Carefully re-stored. | Pieces from a similar chapter.,Story and provenance | Care and ownership | Measurements | Provenance | Condition | Textile | Measurements | Care | Shipping and ownership | Sunset Ombré Chiffon Draped Dream | StretchFit Blouse | StretchFit Blouse | Sleeveless Cerise Pink StretchFit Blouse,https://www.fromthetrunk.shop/collection/rani-pink-georgette-garden-party,,"index, follow",,yes,,Pass,Low,No rendered-page correction identified by automated checks.
/collection/midnight-zari-georgette,product page,200,/collection/midnight-zari-georgette,Midnight Gold Embroidered Georgette – Pre-Loved Georgette Saree | From The Trunk,80,,"Own 'Midnight Gold Embroidered Georgette', a one-of-a-kind pre-loved Georgette saree authenticated by From The Trunk. Shipped with provenance.",142,,1,Midnight Gold Embroidered Georgette,,Not just pre-loved. Carefully re-stored. | Pieces from a similar chapter.,Story and provenance | Care and ownership | Measurements | Provenance | Condition | Textile | Measurements | Care | Shipping and ownership | Sunset Ombré Chiffon Draped Dream | StretchFit Blouse | StretchFit Blouse | Sleeveless Cerise Pink StretchFit Blouse,https://www.fromthetrunk.shop/collection/midnight-zari-georgette,,"index, follow",,yes,,Pass,Low,No rendered-page correction identified by automated checks.
/collection/pressed-bloom-sheer-chiffon,product page,200,/collection/pressed-bloom-sheer-chiffon,Pressed Bloom Sheer Chiffon – Pre-Loved Chiffon Saree | From The Trunk,70,,"Own 'Pressed Bloom Sheer Chiffon', a one-of-a-kind pre-loved Chiffon saree authenticated by From The Trunk. Shipped with provenance.",132,,1,Pressed Bloom Sheer Chiffon,,Not just pre-loved. Carefully re-stored. | Pieces from a similar chapter.,Story and provenance | Care and ownership | Measurements | Provenance | Condition | Textile | Measurements | Care | Shipping and ownership | Tangerine Noir Floral Border Weave | Rose Vine Stripe Chiffon Saree | StretchFit Blouse | StretchFit Blouse,https://www.fromthetrunk.shop/collection/pressed-bloom-sheer-chiffon,,"index, follow",,yes,,Pass,Low,No rendered-page correction identified by automated checks.
/collection/mayil-peacock-kanjivaram-mix,product page,200,/collection/mayil-peacock-kanjivaram-mix,MAYIL – Pre-Loved Kanjeevaram Mix Saree | From The Trunk,56,,"Own 'MAYIL', a one-of-a-kind pre-loved Kanjeevaram Mix saree authenticated by From The Trunk. Named for the Tamil word for. Shipped with provenance.",148,,1,MAYIL,,Not just pre-loved. Carefully re-stored. | Pieces from a similar chapter.,Story and provenance | Care and ownership | Measurements | Provenance | Condition | Textile | Measurements | Care | Shipping and ownership | StretchFit Blouse | StretchFit Blouse | Sleeveless Cerise Pink StretchFit Blouse | Sleeveless Marigold Orange StretchFit,https://www.fromthetrunk.shop/collection/mayil-peacock-kanjivaram-mix,,"index, follow",,yes,,Pass,Low,No rendered-page correction identified by automated checks.
/collection/burnt-orange-temple-border-kanjivaram,product page,200,/collection/burnt-orange-temple-border-kanjivaram,Kanchipuram Burnt Orange Heirloom Silk – Pre-Loved Kanjeevaram Saree | From The Trunk,85,,"Own 'Kanchipuram Burnt Orange Heirloom Silk', a one-of-a-kind pre-loved Kanjeevaram saree authenticated by From The Trunk. Shipped with provenance.",147,,1,Kanchipuram Burnt Orange Heirloom Silk,,Not just pre-loved. Carefully re-stored. | Pieces from a similar chapter.,Story and provenance | Care and ownership | Measurements | Provenance | Condition | Textile | Measurements | Care | Shipping and ownership | StretchFit Blouse | StretchFit Blouse | Sleeveless Cerise Pink StretchFit Blouse | Sleeveless Marigold Orange StretchFit,https://www.fromthetrunk.shop/collection/burnt-orange-temple-border-kanjivaram,,"index, follow",,yes,,Pass,Low,No rendered-page correction identified by automated checks.
/collection/semmanjal-turmeric-gold-kanjeevaram,product page,200,/collection/semmanjal-turmeric-gold-kanjeevaram,Semmanjal kanjivaram – Pre-Loved Kanjeevaram Saree | From The Trunk,67,,"Own 'Semmanjal kanjivaram', a one-of-a-kind pre-loved Kanjeevaram saree authenticated by From The Trunk. There is a colour in. Shipped with provenance.",151,,1,Semmanjal kanjivaram,,Not just pre-loved. Carefully re-stored. | Pieces from a similar chapter.,Story and provenance | Care and ownership | Measurements | Provenance | Condition | Textile | Measurements | Care | Shipping and ownership | StretchFit Blouse | StretchFit Blouse | Sleeveless Cerise Pink StretchFit Blouse | Sleeveless Marigold Orange StretchFit,https://www.fromthetrunk.shop/collection/semmanjal-turmeric-gold-kanjeevaram,,"index, follow",,yes,,Pass,Low,No rendered-page correction identified by automated checks.
/collection/thangam-golden-weave-kanjivaram,product page,200,/collection/thangam-golden-weave-kanjivaram,Thangam Golden Weave Kanjivaram – Pre-Loved Kanjeevaram Saree | From The Trunk,78,,"Own 'Thangam Golden Weave Kanjivaram', a one-of-a-kind pre-loved Kanjeevaram saree authenticated by From The Trunk. Shipped with provenance.",140,,1,Thangam Golden Weave Kanjivaram,,Not just pre-loved. Carefully re-stored. | Pieces from a similar chapter.,Story and provenance | Care and ownership | Measurements | Provenance | Condition | Textile | Measurements | Care | Shipping and ownership | StretchFit Blouse | StretchFit Blouse | Sleeveless Cerise Pink StretchFit Blouse | Sleeveless Marigold Orange StretchFit,https://www.fromthetrunk.shop/collection/thangam-golden-weave-kanjivaram,,"index, follow",,yes,,Pass,Low,No rendered-page correction identified by automated checks.
/collection/violet-bloom-cotton-drape,product page,200,/collection/violet-bloom-cotton-drape,Violet Bloom Cotton Drape – Pre-Loved Georgette Saree | From The Trunk,70,,"Own 'Violet Bloom Cotton Drape', a one-of-a-kind pre-loved Georgette saree authenticated by From The Trunk. Shipped with provenance.",132,,1,Violet Bloom Cotton Drape,,Not just pre-loved. Carefully re-stored. | Pieces from a similar chapter.,Story and provenance | Care and ownership | Measurements | Provenance | Condition | Textile | Measurements | Care | Shipping and ownership | Sunset Ombré Chiffon Draped Dream | StretchFit Blouse | StretchFit Blouse | Sleeveless Cerise Pink StretchFit Blouse,https://www.fromthetrunk.shop/collection/violet-bloom-cotton-drape,,"index, follow",,yes,,Pass,Low,No rendered-page correction identified by automated checks.
/collection/moss-green-lightweight-silk-selai,product page,200,/collection/moss-green-lightweight-silk-selai,Soft Girl Selai Green – Pre-Loved Silk Saree | From The Trunk,61,,"Own 'Soft Girl Selai Green', a one-of-a-kind pre-loved Silk saree authenticated by From The Trunk. There is a particular shade. Shipped with provenance.",152,,1,Soft Girl Selai Green,,Not just pre-loved. Carefully re-stored. | Pieces from a similar chapter.,Story and provenance | Care and ownership | Measurements | Provenance | Condition | Textile | Measurements | Care | Shipping and ownership | Coral Sunrise Chiffon Georgette Saree | Indigo & Plum Tied Silk Saree | Forest & Flame Tie Dye Silk | StretchFit Blouse,https://www.fromthetrunk.shop/collection/moss-green-lightweight-silk-selai,,"index, follow",,yes,,Pass,Low,No rendered-page correction identified by automated checks.
/collection/heritage-zari-border-kanjivaram,product page,200,/collection/heritage-zari-border-kanjivaram,Classic Gold Weave Kanjivaram – Pre-Loved Kanjeevaram Saree | From The Trunk,76,,"Own 'Classic Gold Weave Kanjivaram', a one-of-a-kind pre-loved Kanjeevaram saree authenticated by From The Trunk. Shipped with provenance.",138,,1,Classic Gold Weave Kanjivaram,,Not just pre-loved. Carefully re-stored. | Pieces from a similar chapter.,Story and provenance | Care and ownership | Measurements | Provenance | Condition | Textile | Measurements | Care | Shipping and ownership | StretchFit Blouse | StretchFit Blouse | Sleeveless Cerise Pink StretchFit Blouse | Sleeveless Marigold Orange StretchFit,https://www.fromthetrunk.shop/collection/heritage-zari-border-kanjivaram,,"index, follow",,yes,,Pass,Low,No rendered-page correction identified by automated checks.
/collection/nava-pazham-kanjeevaram-silk,product page,200,/collection/nava-pazham-kanjeevaram-silk,Nava Pazham – Pre-Loved Kanjeevaram Saree | From The Trunk,58,,"Own 'Nava Pazham', a one-of-a-kind pre-loved Kanjeevaram saree authenticated by From The Trunk. Among the most revered motifs in. Shipped with provenance.",154,,1,Nava Pazham,,Not just pre-loved. Carefully re-stored. | Pieces from a similar chapter.,Story and provenance | Care and ownership | Measurements | Provenance | Condition | Textile | Measurements | Care | Shipping and ownership | StretchFit Blouse | StretchFit Blouse | Sleeveless Cerise Pink StretchFit Blouse | Sleeveless Marigold Orange StretchFit,https://www.fromthetrunk.shop/collection/nava-pazham-kanjeevaram-silk,,"index, follow",,yes,,Pass,Low,No rendered-page correction identified by automated checks.
/collection/nila-blue-gold-zari-silk,product page,200,/collection/nila-blue-gold-zari-silk,Nila Blue Gold Zari Silk – Pre-Loved Silk Saree | From The Trunk,64,,"Own 'Nila Blue Gold Zari Silk', a one-of-a-kind pre-loved Silk saree authenticated by From The Trunk. Blue Nila carries that. Shipped with provenance.",150,,1,Nila Blue Gold Zari Silk,,Not just pre-loved. Carefully re-stored. | Pieces from a similar chapter.,Story and provenance | Care and ownership | Measurements | Provenance | Condition | Textile | Measurements | Care | Shipping and ownership | Coral Sunrise Chiffon Georgette Saree | Indigo & Plum Tied Silk Saree | Forest & Flame Tie Dye Silk | StretchFit Blouse,https://www.fromthetrunk.shop/collection/nila-blue-gold-zari-silk,,"index, follow",,yes,,Pass,Low,No rendered-page correction identified by automated checks.
/collection/colorful-vintage-kanjeevaram,product page,200,/collection/colorful-vintage-kanjeevaram,Colorful Vintage Kanjeevaram – Pre-Loved Kanjeevaram Saree | From The Trunk,75,,"Own 'Colorful Vintage Kanjeevaram', a one-of-a-kind pre-loved Kanjeevaram saree authenticated by From The Trunk. Shipped with provenance.",137,,1,Colorful Vintage Kanjeevaram,,Not just pre-loved. Carefully re-stored. | Pieces from a similar chapter.,Story and provenance | Care and ownership | Measurements | Provenance | Condition | Textile | Measurements | Care | Shipping and ownership | StretchFit Blouse | StretchFit Blouse | Sleeveless Cerise Pink StretchFit Blouse | Sleeveless Marigold Orange StretchFit,https://www.fromthetrunk.shop/collection/colorful-vintage-kanjeevaram,,"index, follow",,yes,,Pass,Low,No rendered-page correction identified by automated checks.
/collection/gulabi-kota-cotton,product page,200,/collection/gulabi-kota-cotton,Gulabi Kota Cotton – Pre-Loved Kota Cotton Saree | From The Trunk,65,,"Own 'Gulabi Kota Cotton', a one-of-a-kind pre-loved Kota Cotton saree authenticated by From The Trunk. Picture this: a gorgeous. Shipped with provenance.",153,,1,Gulabi Kota Cotton,,Not just pre-loved. Carefully re-stored. | Pieces from a similar chapter.,Story and provenance | Care and ownership | Measurements | Provenance | Condition | Textile | Measurements | Care | Shipping and ownership | StretchFit Blouse | StretchFit Blouse | Sleeveless Cerise Pink StretchFit Blouse | Sleeveless Marigold Orange StretchFit,https://www.fromthetrunk.shop/collection/gulabi-kota-cotton,,"index, follow",,yes,,Pass,Low,No rendered-page correction identified by automated checks.
/collection/kempu-pachai-and-bandhani,product page,200,/collection/kempu-pachai-and-bandhani,Kempu Pachai & Bandhani – Pre-Loved Silk Saree | From The Trunk,63,,"Own 'Kempu Pachai & Bandhani', a one-of-a-kind pre-loved Silk saree authenticated by From The Trunk. In the lexicon of Indian. Shipped with provenance.",151,,1,Kempu Pachai & Bandhani,,Not just pre-loved. Carefully re-stored. | Pieces from a similar chapter.,Story and provenance | Care and ownership | Measurements | Provenance | Condition | Textile | Measurements | Care | Shipping and ownership | Coral Sunrise Chiffon Georgette Saree | Indigo & Plum Tied Silk Saree | Forest & Flame Tie Dye Silk | StretchFit Blouse,https://www.fromthetrunk.shop/collection/kempu-pachai-and-bandhani,,"index, follow",,yes,,Pass,Low,No rendered-page correction identified by automated checks.
/collection/pachai-linen-golden-border-drape,product page,200,/collection/pachai-linen-golden-border-drape,Pachai Linen Blend – Pre-Loved Linen Blend Saree | From The Trunk,65,,"Own 'Pachai Linen Blend', a one-of-a-kind pre-loved Linen Blend saree authenticated by From The Trunk. Some colours don't ask. Shipped with provenance.",151,,1,Pachai Linen Blend,,Not just pre-loved. Carefully re-stored. | Pieces from a similar chapter.,Story and provenance | Care and ownership | Measurements | Provenance | Condition | Textile | Measurements | Care | Shipping and ownership | StretchFit Blouse | StretchFit Blouse | Sleeveless Cerise Pink StretchFit Blouse | Sleeveless Marigold Orange StretchFit,https://www.fromthetrunk.shop/collection/pachai-linen-golden-border-drape,,"index, follow",,yes,,Pass,Low,No rendered-page correction identified by automated checks.
/404,utility page,404,/404,From The Trunk | Authenticated Pre-Loved Sarees in India,56,,"Shop curated pre-loved sarees, heirloom silk sarees, designer drapes, and restored Indian textiles authenticated by From The Trunk.",131,,1,This piece isn't in the trunk.,,Still waiting to be discovered,New Arrivals from the Trunk | Sarees with a Story | What Pre-loved Means | Open Your Trunk,,,noindex,,no,,Pass,Low,No rendered-page correction identified by automated checks.
/account/addresses,redirect,307,/account/sign-in?callbackUrl=http%3A%2F%2Flocalhost%3A3100%2Faccount%2Faddresses,Account | From The Trunk,24,,"Shop curated pre-loved sarees, heirloom silk sarees, designer drapes, and restored Indian textiles authenticated by From The Trunk.",131,,0,,,,,,,"noindex, follow",,no,,Pass,Low,No rendered-page correction identified by automated checks.
/account/orders,redirect,307,/account/sign-in?callbackUrl=http%3A%2F%2Flocalhost%3A3100%2Faccount%2Forders,Account | From The Trunk,24,,"Shop curated pre-loved sarees, heirloom silk sarees, designer drapes, and restored Indian textiles authenticated by From The Trunk.",131,,0,,,,,,,"noindex, follow",,no,,Pass,Low,No rendered-page correction identified by automated checks.
/account,utility page,200,/account,Account | From The Trunk,24,,"Shop curated pre-loved sarees, heirloom silk sarees, designer drapes, and restored Indian textiles authenticated by From The Trunk.",131,,1,"Welcome, there.",,,,,,"noindex, follow",,no,,Pass,Low,No rendered-page correction identified by automated checks.
/account/profile,redirect,307,/account/sign-in?callbackUrl=http%3A%2F%2Flocalhost%3A3100%2Faccount%2Fprofile,Account | From The Trunk,24,,"Shop curated pre-loved sarees, heirloom silk sarees, designer drapes, and restored Indian textiles authenticated by From The Trunk.",131,,0,,,,,,,"noindex, follow",,no,,Pass,Low,No rendered-page correction identified by automated checks.
/account/profile/verify-email,redirect,307,/account/sign-in?callbackUrl=http%3A%2F%2Flocalhost%3A3100%2Faccount%2Fprofile%2Fverify-email,Account | From The Trunk,24,,"Shop curated pre-loved sarees, heirloom silk sarees, designer drapes, and restored Indian textiles authenticated by From The Trunk.",131,,0,,,,,,,"noindex, follow",,no,,Pass,Low,No rendered-page correction identified by automated checks.
/account/sign-in,utility page,200,/account/sign-in,Account | From The Trunk,24,,"Shop curated pre-loved sarees, heirloom silk sarees, designer drapes, and restored Indian textiles authenticated by From The Trunk.",131,,0,,,,,,,"noindex, follow",,no,,Pass,Low,No rendered-page correction identified by automated checks.
/account/sign-up,utility page,200,/account/sign-up,Account | From The Trunk,24,,"Shop curated pre-loved sarees, heirloom silk sarees, designer drapes, and restored Indian textiles authenticated by From The Trunk.",131,,0,,,,,,,"noindex, follow",,no,,Pass,Low,No rendered-page correction identified by automated checks.
/account/wishlist,redirect,307,/account/sign-in?callbackUrl=http%3A%2F%2Flocalhost%3A3100%2Faccount%2Fwishlist,Account | From The Trunk,24,,"Shop curated pre-loved sarees, heirloom silk sarees, designer drapes, and restored Indian textiles authenticated by From The Trunk.",131,,0,,,,,,,"noindex, follow",,no,,Pass,Low,No rendered-page correction identified by automated checks.
/cart,utility page,200,/cart,Shopping Bag | From The Trunk,29,,"Shop curated pre-loved sarees, heirloom silk sarees, designer drapes, and restored Indian textiles authenticated by From The Trunk.",131,,1,Your trunk selection.,,Not pre-owned. Re-stored. | Your bag | Order summary,,,,"noindex, follow",,no,,Pass,Low,No rendered-page correction identified by automated checks.
/checkout/confirmation,utility page,200,/checkout/confirmation,Order Confirmed | From The Trunk,32,,"Shop curated pre-loved sarees, heirloom silk sarees, designer drapes, and restored Indian textiles authenticated by From The Trunk.",131,,1,We could not load this order.,,,,,,"noindex, follow",,no,,Pass,Low,No rendered-page correction identified by automated checks.
/checkout,utility page,200,/checkout,Checkout | From The Trunk,25,,"Shop curated pre-loved sarees, heirloom silk sarees, designer drapes, and restored Indian textiles authenticated by From The Trunk.",131,,1,Complete your trunk.,,,,,,"noindex, follow",,no,,Pass,Low,No rendered-page correction identified by automated checks.
/founders,redirect,308,/our-team,Our Team | From The Trunk,25,,"Meet the team behind From The Trunk, a circular saree house for authenticated pre-loved sarees and restored Indian textiles.",124,,1,Our Founders,,The minds behind the trunk.,,https://www.fromthetrunk.shop/our-team,,"index, follow",expected noindex missing,no,,Needs action,High,Review: expected noindex missing.
/privacy-policy,redirect,308,/policies/privacy-policy,Privacy Policy | From The Trunk,31,,"How From The Trunk collects, uses and protects your personal information.",73,,1,Privacy Policy,,Information we collect | How we use your information | Consent and withdrawal | Sharing of information | Payment security | Cookies and similar technologies | Data retention | Your rights | Children's privacy | Security | Third-party links | Updates to this policy | Contact and grievance,,https://www.fromthetrunk.shop/policies/privacy-policy,,"index, follow",expected noindex missing,no,,Needs action,High,Review: expected noindex missing.
/return-policy,redirect,308,/policies/return-refund-policy,Returns & Exchanges | From The Trunk,36,,From The Trunk's returns and exchange policy for pre-loved sarees — what's covered and how it works.,100,,1,Returns & Exchanges,,Return window | When a return is eligible | When a return is not eligible | Condition of returned item | How to request a return | Return approval and pickup | Quality check after return | Refund timeline | Shipping charges | Exchanges and store credit | Damaged or missing package | Final decision,,https://www.fromthetrunk.shop/policies/return-refund-policy,,"index, follow",expected noindex missing,no,,Needs action,High,Review: expected noindex missing.
/search,utility page,200,/search,Search | From The Trunk,23,,"Shop curated pre-loved sarees, heirloom silk sarees, designer drapes, and restored Indian textiles authenticated by From The Trunk.",131,,1,Search the collection,,,,,,"noindex, follow",,no,,Pass,Low,No rendered-page correction identified by automated checks.
/shipping-policy,redirect,308,/policies/shipping-delivery-policy,Shipping & Delivery | From The Trunk,36,,"How From The Trunk packs and ships your pre-loved saree — timelines, coverage and what to expect.",97,,1,Shipping & Delivery,,Processing time | Packaging | Courier partners | Delivery timelines | Shipping charges | Tracking | Delivery attempts | International shipping | Lost or damaged shipments | Unboxing recommendation,,https://www.fromthetrunk.shop/policies/shipping-delivery-policy,,"index, follow",expected noindex missing,no,,Needs action,High,Review: expected noindex missing.
/terms-of-service,redirect,308,/policies/terms-of-service,Terms & Conditions | From The Trunk,35,,The terms that apply when you shop with or consign to From The Trunk.,69,,1,Terms & Conditions,,"About FTT | Product information | Colour and photography | Pricing | Orders and payments | Account, wishlist, and cart | Intellectual property and prohibited use | Limitation of liability | Governing law",,https://www.fromthetrunk.shop/policies/terms-of-service,,"index, follow",expected noindex missing,no,,Needs action,High,Review: expected noindex missing.
/_global-error,unknown / 404,404,/_global-error,From The Trunk | Authenticated Pre-Loved Sarees in India,56,,"Shop curated pre-loved sarees, heirloom silk sarees, designer drapes, and restored Indian textiles authenticated by From The Trunk.",131,,1,This piece isn't in the trunk.,,Still waiting to be discovered,New Arrivals from the Trunk | Sarees with a Story | What Pre-loved Means | Open Your Trunk,,,noindex,,no,,Pass,Low,No rendered-page correction identified by automated checks.
/_not-found,unknown / 404,404,/_not-found,404: This page could not be found.,34,,,0,,1,404,,This page could not be found.,,,,noindex,,no,,Pass,Low,No rendered-page correction identified by automated checks.
/collection/fabric/chiffon,collection page,200,/collection/fabric/chiffon,Pre-Loved Chiffon Sarees | From The Trunk,41,,"Find light, flowing pre-loved chiffon sarees when available, each checked and story-logged by From the Trunk.",109,,1,Pre-loved chiffon sarees with soft movement,,Questions shoppers ask,Tangerine Noir Floral Border Weave | Kesari Sunset Chiffon Saree | Magenta Mist Chiffon Drape | Mint Chiffon Garden Border Saree | Pressed Bloom Sheer Chiffon | Is chiffon suitable for occasion wear?,https://www.fromthetrunk.shop/collection/fabric/chiffon,,"index, follow",,no,indexable URL missing from sitemap,Needs action,High,Review: indexable URL missing from sitemap.
/collection/fabric/georgette,collection page,200,/collection/fabric/georgette,Pre-Loved Georgette Sarees | From The Trunk,43,,Discover pre-loved georgette sarees from From the Trunk when this fluid fabric is available in the collection.,110,,1,Pre-loved georgette sarees for fluid drape,,Questions shoppers ask,Sunset Ombré Chiffon Draped Dream | Midnight Garden Georgette Saree | Rani Pink Georgette | Midnight Gold Embroidered Georgette | Will this page always have georgette sarees?,https://www.fromthetrunk.shop/collection/fabric/georgette,,"index, follow",,no,indexable URL missing from sitemap,Needs action,High,Review: indexable URL missing from sitemap.
/collection/fabric/kanjeevaram,collection page,200,/collection/fabric/kanjeevaram,Pre-Loved Kanjeevaram Sarees | From The Trunk,45,,"Explore authenticated pre-loved Kanjeevaram sarees, condition-checked and prepared for a second story.",102,,1,Pre-loved Kanjeevaram sarees with ceremonial presence,,This edit is waiting for the right pieces. | Questions shoppers ask,Why are there only a few Kanjeevaram sarees?,https://www.fromthetrunk.shop/collection/fabric/kanjeevaram,,"noindex, follow",,no,,Pass,Low,No rendered-page correction identified by automated checks.
/collection/occasion/festive,collection page,200,/collection/occasion/festive,Pre-Loved Festive Sarees | From The Trunk,41,,"Shop authenticated pre-loved festive sarees for celebrations, pujas, dinners, and family occasions.",99,,1,Pre-loved festive sarees for the next celebration,,This edit is waiting for the right pieces. | Questions shoppers ask,Are pre-loved sarees appropriate for festivals? | Can I gift a pre-loved saree?,https://www.fromthetrunk.shop/collection/occasion/festive,,"noindex, follow",,no,,Pass,Low,No rendered-page correction identified by automated checks.
/collection/occasion/wedding,collection page,200,/collection/occasion/wedding,Pre-Loved Wedding Sarees | From The Trunk,41,,"Browse pre-loved wedding sarees when ceremonial pieces are available, with provenance and condition details.",108,,1,Pre-loved wedding sarees for meaningful occasions,,This edit is waiting for the right pieces. | Questions shoppers ask,Can a pre-loved saree be worn for a wedding?,https://www.fromthetrunk.shop/collection/occasion/wedding,,"noindex, follow",,no,,Pass,Low,No rendered-page correction identified by automated checks.
/faq,redirect,308,/faqs,Pre-Loved Saree FAQs | From The Trunk,37,,"Answers on authenticity, sizing, shipping, returns and consignment for pre-loved sarees at From The Trunk.",106,,1,Pre-Loved Saree FAQs,,"Our policies, in a glimpse | Common questions, answered","Privacy Policy | Return, Refund & Exchange Policy | Shipping & Delivery Policy | Terms of Service | Authentication & Condition Policy | Care & Packaging Policy | Cancellation Policy | Sell With Us Policy | Grievance Redressal Policy | What is From the Trunk? | What is a pre-loved saree? | Are pre-loved sarees authentic? | Where can I buy authenticated pre-loved sarees in India? | How does From the Trunk verify sarees? | What is the difference between pre-loved and second-hand sarees? | Are vintage sarees sustainable? | How do I sell my old saree? | How do I store a silk saree? | How do I care for a Kanjeevaram saree? | What happens if a one-of-one saree is reserved? | Are the sarees really pre-loved? | Do you offer returns? | How do you ship the sarees? | How do I care for my saree? | What payment methods do you accept?",https://www.fromthetrunk.shop/faqs,,"index, follow",expected noindex missing,no,,Needs action,High,Review: expected noindex missing.
/about,redirect,308,/our-story,Our Story — Sarees With Provenance | From The Trunk,51,,Why we authenticate every saree and pass on its story. Meet From The Trunk — a home for pre-loved luxury sarees that still have a story to tell.,144,,1,Our Story — Pre-Loved Sarees With Provenance,,"Elegance, given a second life.",,https://www.fromthetrunk.shop/our-story,,"index, follow",expected noindex missing,no,,Needs action,High,Review: expected noindex missing.
/stories,redirect,308,/our-story,Our Story — Sarees With Provenance | From The Trunk,51,,Why we authenticate every saree and pass on its story. Meet From The Trunk — a home for pre-loved luxury sarees that still have a story to tell.,144,,1,Our Story — Pre-Loved Sarees With Provenance,,"Elegance, given a second life.",,https://www.fromthetrunk.shop/our-story,,"index, follow",expected noindex missing,no,,Needs action,High,Review: expected noindex missing.
/search?q=silk,utility page,200,/search?q=silk,Search | From The Trunk,23,,"Shop curated pre-loved sarees, heirloom silk sarees, designer drapes, and restored Indian textiles authenticated by From The Trunk.",131,,1,"Results for ""silk""",,,Indigo & Plum Tied Silk Saree | Forest & Flame Tie Dye Silk | Green Garden Silk Burgundy Zari Edge | Pink Katan temple border | Forest green silk black gold | Teal moody silk saree | Rose silk | Indigo Dusk | Magenta Cotton Gold Zari Border | Red Blue Madras Check Cotton | Midnight Kesari Cotton Drape | Brown and Mustard light Silk | MAYIL | Kanchipuram Burnt Orange Heirloom Silk | Semmanjal kanjivaram | Thangam Golden Weave Kanjivaram | Violet Bloom Cotton Drape | Soft Girl Selai Green | Classic Gold Weave Kanjivaram | Nava Pazham | Nila Blue Gold Zari Silk | Kempu Pachai & Bandhani,,,"noindex, follow",,no,,Pass,Low,No rendered-page correction identified by automated checks.
/collection?fabric=silk,collection page,200,/collection?fabric=silk,Pre-Loved & Vintage Luxury Sarees – Shop All | From The Trunk,61,,"Browse our full collection of authenticated pre-loved sarees — silk, chiffon, Banarasi and designer drapes. One-of-a-kind pieces, new arrivals weekly.",150,,1,Pre-Loved& Vintage Luxury Sarees,,Filters | All pieces,"Indigo & Plum Tied Silk Saree | Forest & Flame Tie Dye Silk | Green Garden Silk Burgundy Zari Edge | Every saree, fully vouched for. | Pink Katan temple border | Every saree, fully vouched for. | Forest green silk black gold | Teal moody silk saree | Rose silk | Red Blue Madras Check Cotton | Midnight Kesari Cotton Drape | Brown and Mustard light Silk",https://www.fromthetrunk.shop/collection,,"noindex, follow",,no,,Pass,Low,No rendered-page correction identified by automated checks.
/collection?occasion=wedding,collection page,200,/collection?occasion=wedding,Pre-Loved & Vintage Luxury Sarees – Shop All | From The Trunk,61,,"Browse our full collection of authenticated pre-loved sarees — silk, chiffon, Banarasi and designer drapes. One-of-a-kind pieces, new arrivals weekly.",150,,1,Pre-Loved& Vintage Luxury Sarees,,Filters | All pieces,Try the newest available pieces from the trunk. | Tangerine Noir Floral Border Weave | Sunset Ombré Chiffon Draped Dream | Indigo & Plum Tied Silk Saree | Marigold & Moss cotton | Midnight Garden Georgette Saree | Green Garden Silk Burgundy Zari Edge,https://www.fromthetrunk.shop/collection,,"noindex, follow",,no,,Pass,Low,No rendered-page correction identified by automated checks.
/collection?tags=top-viewed,collection page,200,/collection?tags=top-viewed,Pre-Loved & Vintage Luxury Sarees – Shop All | From The Trunk,61,,"Browse our full collection of authenticated pre-loved sarees — silk, chiffon, Banarasi and designer drapes. One-of-a-kind pieces, new arrivals weekly.",150,,1,Pre-Loved& Vintage Luxury Sarees,,Filters | All pieces,"Tangerine Noir Floral Border Weave | Kempu Pachai & Bandhani | Indigo & Plum Tied Silk Saree | Every saree, fully vouched for. | Red Blue Madras Check Cotton | Every saree, fully vouched for. | Forest & Flame Tie Dye Silk | Marigold & Moss cotton | Orange Blossom Cotton Weave",https://www.fromthetrunk.shop/collection,,"noindex, follow",,no,,Pass,Low,No rendered-page correction identified by automated checks.
/collection?type=blouse,collection page,200,/collection?type=blouse,Pre-Loved & Vintage Luxury Sarees – Shop All | From The Trunk,61,,"Browse our full collection of authenticated pre-loved sarees — silk, chiffon, Banarasi and designer drapes. One-of-a-kind pieces, new arrivals weekly.",150,,1,Blouses with a story of their own,,Filters | All pieces,"StretchFit Blouse | StretchFit Blouse | Sleeveless Cerise Pink StretchFit Blouse | Every saree, fully vouched for. | Sleeveless Marigold Orange StretchFit | Every saree, fully vouched for. | Sleeveless Black StretchFit",https://www.fromthetrunk.shop/collection,,"noindex, follow",,no,,Pass,Low,No rendered-page correction identified by automated checks.
/collection?sort=price-asc,collection page,200,/collection?sort=price-asc,Pre-Loved & Vintage Luxury Sarees – Shop All | From The Trunk,61,,"Browse our full collection of authenticated pre-loved sarees — silk, chiffon, Banarasi and designer drapes. One-of-a-kind pieces, new arrivals weekly.",150,,1,Pre-Loved& Vintage Luxury Sarees,,Filters | All pieces,"Tangerine Noir Floral Border Weave | Sunset Ombré Chiffon Draped Dream | Indigo & Plum Tied Silk Saree | Every saree, fully vouched for. | Forest & Flame Tie Dye Silk | Every saree, fully vouched for. | Moonstone Cream Mauve Border Saree | Marigold & Moss cotton | Midnight Garden Georgette Saree | Green Garden Silk Burgundy Zari Edge | Pink Katan temple border | Forest green silk black gold",https://www.fromthetrunk.shop/collection,,"noindex, follow",,no,,Pass,Low,No rendered-page correction identified by automated checks.
/seo-audit-definitely-missing,unknown / 404,404,/seo-audit-definitely-missing,From The Trunk | Authenticated Pre-Loved Sarees in India,56,,"Shop curated pre-loved sarees, heirloom silk sarees, designer drapes, and restored Indian textiles authenticated by From The Trunk.",131,,1,This piece isn't in the trunk.,,Still waiting to be discovered,New Arrivals from the Trunk | Sarees with a Story | What Pre-loved Means | Open Your Trunk,,,noindex,,no,,Pass,Low,No rendered-page correction identified by automated checks.
/admin,admin/private,200,/admin,| From The Trunk,16,,"Shop curated pre-loved sarees, heirloom silk sarees, designer drapes, and restored Indian textiles authenticated by From The Trunk.",131,,0,,,,,,,"index, follow",expected noindex missing | expected nofollow missing,no,,Needs action,High,Review: expected noindex missing; expected nofollow missing.
/admin/orders/seo-audit-placeholder/packing-slip,admin/private,404,/admin/orders/seo-audit-placeholder/packing-slip,From the Trunk Admin,20,,,0,,0,,,,,,,noindex,,no,,Pass,Low,No rendered-page correction identified by automated checks.
/collection/stretchfit-blouse,product page,200,/collection/stretchfit-blouse,From The Trunk Product | From The Trunk,39,,Explore authenticated pre-loved luxury sarees from From The Trunk.,66,,1,StretchFit Blouse,,Select your blouse size | Not just pre-loved. Carefully re-stored. | Pieces from a similar chapter.,Care and ownership | Measurements | Provenance | Condition | Textile | Measurements | Care | Shipping and ownership | Sleeveless Cerise Pink StretchFit Blouse | Sleeveless Black StretchFit | StretchFit Blouse | Sleeveless Marigold Orange StretchFit,https://www.fromthetrunk.shop/collection/stretchfit-blouse,,"noindex, follow",,no,,Pass,Low,No rendered-page correction identified by automated checks.
/collection/stretchfit-blouse-1,product page,200,/collection/stretchfit-blouse-1,From The Trunk Product | From The Trunk,39,,Explore authenticated pre-loved luxury sarees from From The Trunk.,66,,1,StretchFit Blouse,,Select your blouse size | Not just pre-loved. Carefully re-stored. | Pieces from a similar chapter.,Care and ownership | Measurements | Provenance | Condition | Textile | Measurements | Care | Shipping and ownership | Sleeveless Marigold Orange StretchFit | StretchFit Blouse | Sleeveless Cerise Pink StretchFit Blouse | Sleeveless Black StretchFit,https://www.fromthetrunk.shop/collection/stretchfit-blouse-1,,"noindex, follow",,no,,Pass,Low,No rendered-page correction identified by automated checks.
/collection/sleeveless-cerise-pink-stretchfit-blouse,product page,200,/collection/sleeveless-cerise-pink-stretchfit-blouse,From The Trunk Product | From The Trunk,39,,Explore authenticated pre-loved luxury sarees from From The Trunk.,66,,1,Sleeveless Cerise Pink StretchFit Blouse,,Select your blouse size | Not just pre-loved. Carefully re-stored. | Pieces from a similar chapter.,Care and ownership | Measurements | Provenance | Condition | Textile | Measurements | Care | Shipping and ownership | Sleeveless Black StretchFit | StretchFit Blouse | StretchFit Blouse | Sleeveless Marigold Orange StretchFit,https://www.fromthetrunk.shop/collection/sleeveless-cerise-pink-stretchfit-blouse,,"noindex, follow",,no,,Pass,Low,No rendered-page correction identified by automated checks.
/collection/sleeveless-marigold-orange-stretchfit,product page,200,/collection/sleeveless-marigold-orange-stretchfit,From The Trunk Product | From The Trunk,39,,Explore authenticated pre-loved luxury sarees from From The Trunk.,66,,1,Sleeveless Marigold Orange StretchFit,,Select your blouse size | Not just pre-loved. Carefully re-stored. | Pieces from a similar chapter.,Care and ownership | Measurements | Provenance | Condition | Textile | Measurements | Care | Shipping and ownership | StretchFit Blouse | StretchFit Blouse | Sleeveless Cerise Pink StretchFit Blouse | Sleeveless Black StretchFit,https://www.fromthetrunk.shop/collection/sleeveless-marigold-orange-stretchfit,,"noindex, follow",,no,,Pass,Low,No rendered-page correction identified by automated checks.
/collection/sleeveless-black-stretchfit,product page,200,/collection/sleeveless-black-stretchfit,From The Trunk Product | From The Trunk,39,,Explore authenticated pre-loved luxury sarees from From The Trunk.,66,,1,Sleeveless Black StretchFit,,Select your blouse size | Not just pre-loved. Carefully re-stored. | Pieces from a similar chapter.,Care and ownership | Measurements | Provenance | Condition | Textile | Measurements | Care | Shipping and ownership | Sleeveless Cerise Pink StretchFit Blouse | StretchFit Blouse | StretchFit Blouse | Sleeveless Marigold Orange StretchFit,https://www.fromthetrunk.shop/collection/sleeveless-black-stretchfit,,"noindex, follow",,no,,Pass,Low,No rendered-page correction identified by automated checks.
/collection/rose-vine-stripe-chiffon-saree,product page,200,/collection/rose-vine-stripe-chiffon-saree,Rose Vine Stripe Chiffon Saree | From The Trunk,47,,"Own 'Rose Vine Stripe Chiffon Saree', a one-of-a-kind pre-loved Chiffon saree authenticated by From The Trunk. Shipped with provenance.",135,,1,Rose Vine Stripe Chiffon Saree,,Not just pre-loved. Carefully re-stored. | Pieces from a similar chapter.,Story and provenance | Care and ownership | Measurements | Provenance | Condition | Textile | Measurements | Care | Shipping and ownership | Tangerine Noir Floral Border Weave | StretchFit Blouse | StretchFit Blouse | Sleeveless Cerise Pink StretchFit Blouse,https://www.fromthetrunk.shop/collection/rose-vine-stripe-chiffon-saree,,"index, follow",,no,indexable URL missing from sitemap,Needs action,High,Review: indexable URL missing from sitemap.
/collection/coral-sunrise-chiffon-georgette-saree,product page,200,/collection/coral-sunrise-chiffon-georgette-saree,Coral Sunrise Chiffon Georgette Saree – Pre-Loved Silk Saree | From The Trunk,77,,"Own 'Coral Sunrise Chiffon Georgette Saree', a one-of-a-kind pre-loved Silk saree authenticated by From The Trunk. Shipped with provenance.",139,,1,Coral Sunrise Chiffon Georgette Saree,,Not just pre-loved. Carefully re-stored. | Pieces from a similar chapter.,Story and provenance | Care and ownership | Measurements | Provenance | Condition | Textile | Measurements | Care | Shipping and ownership | Indigo & Plum Tied Silk Saree | Forest & Flame Tie Dye Silk | StretchFit Blouse | StretchFit Blouse,https://www.fromthetrunk.shop/collection/coral-sunrise-chiffon-georgette-saree,,"index, follow",,no,indexable URL missing from sitemap,Needs action,High,Review: indexable URL missing from sitemap.
