URL,Primary apparent keyword,Secondary apparent keywords,Title keywords,Meta keywords/phrases,H1 keywords,H2/H3 keywords,Body top 20 words,Schema keywords,Product/fabric/occasion keywords,Keyword consistency score,Notes
/,trunk,authenticated | luxury | pre-loved | sarees | saree | story,authenticated | pre-loved | luxury | sarees | trunk,shop | authenticated | pre-loved | vintage | luxury | sarees | provenance | heirloom | silks | designer | drapes | restored | weaves | each | story,authenticated | pre-loved | luxury | sarees,trunk | every | saree | still | story | left | tell | choose | feel | drape | occasion | seen | trunk | new | arrivals | trunk | worn | again | remembered | forever | looking | saree | story | authenticated | provenance | before | drape | returns | wardrobe | one | saree | many | ways | carry | presence | detail | makes | piece | remembered | quiet | statement | trunk | pressed | checked | folded | ready | restored | saree | finding | next | story | magenta | mist | chiffon | drape | mint | chiffon | garden | border | saree | rani | pink | georgette | midnight | gold | embroidered | georgette | stretchfit | blouse | stretchfit | blouse | brings | trunk,explore (20) | fabricfabric (16) | saree (16) | all (12) | note (11) | verified (10) | sarees (9) | soft (9) | trunk (9) | use (8) | 100 (7) | 25 (7) | checkout (7) | code (7) | coming (7) | customers (7) | first25 (7) | free (7) | get (7) | grab (7),onlinestore | contactpoint | website | organization,sarees | silks | drapes | weaves,100,Primary apparent term is reinforced in rendered body copy.
/collection,pre-loved,saree | trunk | silk | sarees | luxury | vintage,pre-loved | vintage | luxury | sarees | shop | all | trunk,browse | full | collection | authenticated | pre-loved | sarees | silk | chiffon | banarasi | designer | drapes | one-of-a-kind | pieces | new | arrivals | weekly,pre-loved | vintage | luxury | sarees,filters | all | pieces | tangerine | noir | floral | border | weave | sunset | ombré | chiffon | draped | dream | indigo | plum | tied | silk | saree | every | saree | fully | vouched | forest | flame | tie | dye | silk | every | saree | fully | vouched | moonstone | cream | mauve | border | saree | marigold | moss | cotton | midnight | garden | georgette | saree | green | garden | silk | burgundy | zari | edge | pink | katan | temple | border | forest | green | silk | black | gold,arrival (10) | unique (10) | all (8) | now (8) | use (8) | 100 (7) | 25 (7) | 299 (7) | checkout (7) | code (7) | coming (7) | customers (7) | first25 (7) | free (7) | get (7) | grab (7) | occasional (7) | off (7) | orders (7) | sarees (7),onlinestore | contactpoint | website | organization | breadcrumblist | listitem | listitem,sarees | silk | chiffon | banarasi | drapes,80,Primary apparent term is weakly reinforced in rendered body copy.
/top-viewed,pre-loved,sarees | trunk | most-viewed | saree | top | silk,most-viewed | pre-loved | sarees | top | picks | trunk,most-viewed | pre-loved | sarees | week | authenticated | silk | chiffon | designer | drapes | shoppers | keep | coming | back | one-of-a-kind | updated | often,most-loved | pre-loved | sarees,stretchfit | blouse | stretchfit | blouse | tangerine | noir | floral | border | weave | kempu | pachai | bandhani | sleeveless | cerise | pink | stretchfit | blouse | indigo | plum | tied | silk | saree | red | blue | madras | check | cotton,all (8) | coming (8) | now (8) | sarees (8) | use (8) | 100 (7) | 25 (7) | checkout (7) | code (7) | customers (7) | first25 (7) | free (7) | get (7) | grab (7) | occasional (7) | off (7) | orders (7) | shipping (7) | soon (7) | unique (7),onlinestore | contactpoint | website | organization | breadcrumblist | listitem | listitem | listitem,sarees | silk | chiffon | drapes,80,Primary apparent term is weakly reinforced in rendered body copy.
/our-story,story,sarees | provenance | trunk | pre-loved | saree | authenticate,story | sarees | provenance | trunk,authenticate | every | saree | pass | story | meet | trunk | home | pre-loved | luxury | sarees | still | story | tell,story | pre-loved | sarees | provenance,elegance | given | second | life,use (9) | all (8) | sarees (8) | 100 (7) | 25 (7) | checkout (7) | code (7) | coming (7) | customers (7) | first25 (7) | free (7) | get (7) | grab (7) | now (7) | occasional (7) | off (7) | orders (7) | shipping (7) | soon (7) | first (6),onlinestore | contactpoint | website | organization,sarees | saree,80,Primary apparent term is weakly reinforced in rendered body copy.
/our-team,team,trunk | founders | behind | authenticated | circular | house,team | trunk,meet | team | behind | trunk | circular | saree | house | authenticated | pre-loved | sarees | restored | indian | textiles,founders,minds | behind | trunk,sarees (9) | all (8) | use (8) | 100 (7) | 25 (7) | checkout (7) | code (7) | coming (7) | customers (7) | first25 (7) | free (7) | get (7) | grab (7) | now (7) | occasional (7) | off (7) | orders (7) | shipping (7) | soon (7) | first (6),onlinestore | contactpoint | website | organization,saree | sarees,60,Primary apparent term is weakly reinforced in rendered body copy.
/faqs,answer,question | pre-loved | saree | faqs | trunk | sarees,pre-loved | saree | faqs | trunk,answers | authenticity | sizing | shipping | returns | consignment | pre-loved | sarees | trunk,pre-loved | saree | faqs,policies | glimpse | common | questions | answered | privacy | policy | return | refund | exchange | policy | shipping | delivery | policy | terms | service | authentication | condition | policy | care | packaging | policy | cancellation | policy | sell | us | policy | grievance | redressal | policy | trunk | pre-loved | saree | pre-loved | sarees | authentic | buy | authenticated | pre-loved | sarees | india | trunk | verify | sarees | difference | between | pre-loved | second-hand | sarees | vintage | sarees | sustainable | sell | old | saree | store | silk | saree | care | kanjeevaram | saree | happens | one-of-one | saree | reserved | sarees | really | pre-loved | offer | returns | ship | sarees | care | saree | payment | methods | accept,saree (24) | sarees (20) | pre-loved (16) | trunk (15) | all (12) | know (10) | piece (10) | use (10) | before (9) | orders (9) | shipping (9) | 100 (7) | 25 (7) | care (7) | checkout (7) | code (7) | coming (7) | customers (7) | every (7) | first25 (7),onlinestore | contactpoint | website | organization | faqpage | question | answer | question | answer | question | answer | question | answer | question | answer | question | answer | question | answer | question | answer | question | answer | question | answer | question | answer | question | answer | question | answer | question | answer | question | answer | question | answer,saree | sarees,60,Primary apparent term is weakly reinforced in rendered body copy.
/contact,trunk,contact | onlinestore | pre-loved | sarees | us | contactpoint,contact | us | trunk | pre-loved | sarees,questions | about | saree | order | consigning | reach | trunk | team | email | whatsapp | social,contact | trunk,brings | trunk,sarees (9) | all (8) | use (8) | 100 (7) | 25 (7) | checkout (7) | code (7) | coming (7) | customers (7) | first25 (7) | free (7) | get (7) | grab (7) | now (7) | occasional (7) | off (7) | orders (7) | shipping (7) | soon (7) | trunk (7),onlinestore | contactpoint | website | organization | contactpage | onlinestore | onlinestore | contactpoint,sarees | saree,80,Primary apparent term is reinforced in rendered body copy.
/how-it-works,authentication,trunk | works | buying | howfromthetrunkworks-buying | nothing | authenticates,works | buying | authentication | trunk,trunk | sources | authenticates | ships | pre-loved | sarees | provenance | care | confidence | every | step,howfromthetrunkworks-buying | authentication,trunk | wardrobe | nothing | rushed | nothing | treated | like | inventory | saree | lose | past | simply | finds | new | home | authenticated | condition | graded | re-stored | sourcing | quality | control | eco-restoration | sustainable | packaging | doorstep | magic,all (9) | sarees (9) | use (8) | 100 (7) | 25 (7) | checkout (7) | code (7) | coming (7) | customers (7) | first25 (7) | free (7) | get (7) | grab (7) | now (7) | occasional (7) | off (7) | orders (7) | shipping (7) | soon (7) | first (6),onlinestore | contactpoint | website | organization,sarees,60,Primary apparent term is weakly reinforced in rendered body copy.
/authentication,saree,authentication | provenance | trunk | every | pre-loved | authenticate,saree | authentication | provenance | trunk,trunk | verifies | fibre | zari | provenance | every | pre-loved | saree | buy | exactly | say,authenticate | every | pre-loved | saree,fibre | weave | check | reading | zari | condition | graded | honestly | provenance | story | tell | authentication | means,saree (9) | all (8) | use (8) | 100 (7) | 25 (7) | checkout (7) | code (7) | coming (7) | customers (7) | first25 (7) | free (7) | get (7) | grab (7) | now (7) | occasional (7) | off (7) | orders (7) | sarees (7) | shipping (7) | soon (7),onlinestore | contactpoint | website | organization,saree | zari,80,Primary apparent term is reinforced in rendered body copy.
/policies,policy,policies | trunk | care | print | small | written,policies | trunk,privacy | returns | refunds | shipping | authentication | customer-care | policies | trunk,small | print | written | care,privacy | policy | return | refund | exchange | policy | shipping | delivery | policy | terms | service | authentication | condition | policy | care | packaging | policy | cancellation | policy | sell | us | policy | grievance | redressal | policy,read (9) | shipping (9) | use (9) | all (8) | orders (8) | 100 (7) | 25 (7) | checkout (7) | code (7) | coming (7) | customers (7) | first25 (7) | free (7) | get (7) | grab (7) | now (7) | occasional (7) | off (7) | policyhow (7) | sarees (7),onlinestore | contactpoint | website | organization,,180,Primary apparent term is weakly reinforced in rendered body copy.
/why,trunk,saree | fabric | just | never | pre-loved | memory,trunk,voice | led | story | experience | about | trunk | restores | authenticates | recirculates | pre-loved | luxury | sarees,saree | never | just | fabric,memory | craft | circular | each | piece | arrives | past | help | carry | forward | buy | pre-loved | choose | beauty | memory | pre-owned | re-stored | one-of-one | authenticated | care | packed | conscious,all (8) | first (8) | sarees (8) | use (8) | 100 (7) | 25 (7) | checkout (7) | code (7) | coming (7) | customers (7) | first25 (7) | free (7) | get (7) | grab (7) | now (7) | occasional (7) | off (7) | orders (7) | shipping (7) | soon (7),onlinestore | contactpoint | website | organization,sarees,60,Primary apparent term is weakly reinforced in rendered body copy.
/sell-your-saree,sarees,sell | trunk | old | saree | answer | consign,sell | old | sarees | online | trunk,pass | old | vintage | heirloom | sarees | trunk | learn | accept | review | process | works,sell | consign | sarees | second | story,careful | respectful | way | pass | saree | next | chapter | clear | path | handled | care | trunk | explore | next | part | trunk | everything | want | ask | first | authenticated | condition | noted | story-led | share | piece | review | care | prepared | sell | old | saree | sarees | submit | buy | every | old | saree,sarees (17) | all (8) | trunk (8) | use (8) | 100 (7) | 25 (7) | checkout (7) | code (7) | coming (7) | customers (7) | first (7) | first25 (7) | free (7) | get (7) | grab (7) | now (7) | occasional (7) | off (7) | orders (7) | shipping (7),onlinestore | contactpoint | website | organization | breadcrumblist | listitem | listitem | webpage | organization | faqpage | question | answer | question | answer | question | answer,sarees,80,Primary apparent term is reinforced in rendered body copy.
/packing,packaging,care | trunk | saree | every | journey | packing,packaging | care | trunk,wrap | protect | every | pre-loved | saree | journey,packaging,prepared | care | comes | box | before | dispatch | receiving | saree | related | support,shipping (9) | all (8) | use (8) | 100 (7) | 25 (7) | checkout (7) | code (7) | coming (7) | customers (7) | first25 (7) | free (7) | get (7) | grab (7) | now (7) | occasional (7) | off (7) | orders (7) | sarees (7) | soon (7) | first (6),onlinestore | contactpoint | website | organization,saree,60,Primary apparent term is weakly reinforced in rendered body copy.
/policies/privacy-policy,policy,privacy | trunk | information | security | collects | personal,privacy | policy | trunk,trunk | collects | uses | protects | personal | information,privacy | policy,information | collect | use | information | consent | withdrawal | sharing | information | payment | security | cookies | similar | technologies | data | retention | rights | children | privacy | security | third-party | links | updates | policy | contact | grievance,information (17) | cookies (16) | use (14) | website (11) | shipping (10) | all (9) | analytics (9) | payment (9) | sarees (9) | customers (8) | data (8) | order (8) | orders (8) | personal (8) | 100 (7) | 25 (7) | address (7) | checkout (7) | code (7) | coming (7),onlinestore | contactpoint | website | organization,,80,Primary apparent term is weakly reinforced in rendered body copy.
/policies/return-refund-policy,return,returns | exchanges | trunk | policy | refund | eligible,returns | exchanges | trunk,trunk | returns | exchange | policy | pre-loved | sarees | covered | works,returns | exchanges,return | window | return | eligible | return | eligible | condition | returned | item | request | return | return | approval | pickup | quality | check | after | return | refund | timeline | shipping | charges | exchanges | store | credit | damaged | missing | package | final | decision,return (19) | all (10) | item (10) | shipping (10) | after (8) | orders (8) | use (8) | 100 (7) | 25 (7) | checkout (7) | code (7) | coming (7) | customers (7) | delivery (7) | first25 (7) | free (7) | get (7) | grab (7) | now (7) | occasional (7),onlinestore | contactpoint | website | organization,sarees,220,Primary apparent term is reinforced in rendered body copy.
/policies/shipping-delivery-policy,delivery,shipping | trunk | timelines | coverage | expect | packs,shipping | delivery | trunk,trunk | packs | ships | pre-loved | saree | timelines | coverage | expect,shipping | delivery,processing | time | packaging | courier | partners | delivery | timelines | shipping | charges | tracking | delivery | attempts | international | shipping | lost | damaged | shipments | unboxing | recommendation,shipping (12) | all (9) | checkout (8) | use (8) | 100 (7) | 25 (7) | code (7) | coming (7) | customers (7) | first25 (7) | free (7) | get (7) | grab (7) | now (7) | occasional (7) | off (7) | orders (7) | sarees (7) | soon (7) | first (6),onlinestore | contactpoint | website | organization,saree,100,Primary apparent term is weakly reinforced in rendered body copy.
/policies/terms-of-service,terms,conditions | trunk | apply | consign | policies | service,terms | conditions | trunk,terms | apply | shop | consign | trunk,terms | conditions,about | ftt | product | information | colour | photography | pricing | orders | payments | account | wishlist | cart | intellectual | property | prohibited | use | limitation | liability | governing | law,use (11) | all (10) | orders (9) | checkout (8) | code (8) | sarees (8) | 100 (7) | 25 (7) | coming (7) | customers (7) | first25 (7) | free (7) | get (7) | grab (7) | now (7) | occasional (7) | off (7) | order (7) | shipping (7) | soon (7),onlinestore | contactpoint | website | organization,,80,Primary apparent term is weakly reinforced in rendered body copy.
/policies/authentication-condition-policy,condition,authentication | policy | trunk | before | pre-loved | check,authentication | condition | policy | trunk,authenticate | grade | document | every | pre-loved | saree | before | listed,authentication | condition | policy,authentication | condition | check | condition | grades | pre-loved | character | final | check | before | dispatch | authenticity | guarantee,use (10) | all (9) | condition (8) | sarees (8) | shipping (8) | 100 (7) | 25 (7) | before (7) | checkout (7) | code (7) | coming (7) | customers (7) | first25 (7) | free (7) | get (7) | grab (7) | now (7) | occasional (7) | off (7) | orders (7),onlinestore | contactpoint | website | organization,saree,100,Primary apparent term is reinforced in rendered body copy.
/policies/care-packaging-policy,care,packaging | policy | trunk | package | policies | pre-loved,care | packaging | policy | trunk,store | wear | care | pre-loved | saree | package,care | packaging | policy,general | care | storage | zari | delicate | fabrics | wearing | care | packaging | damage | after | delivery,all (9) | use (9) | checkout (8) | 100 (7) | 25 (7) | code (7) | coming (7) | customers (7) | first25 (7) | free (7) | get (7) | grab (7) | now (7) | occasional (7) | off (7) | orders (7) | sarees (7) | shipping (7) | soon (7) | first (6),onlinestore | contactpoint | website | organization,saree,120,Primary apparent term is weakly reinforced in rendered body copy.
/policies/cancellation-policy,cancellation,policy | trunk | dispatch | cancelled | order | policies,cancellation | policy | trunk,order | cancelled | trunk,cancellation | policy,cancellation | before | dispatch | cancellation | after | dispatch | unique | product | hold | cancellation | ftt | cancellation | charges,order (10) | all (9) | use (8) | 100 (7) | 25 (7) | checkout (7) | code (7) | coming (7) | customers (7) | first25 (7) | free (7) | get (7) | grab (7) | now (7) | occasional (7) | off (7) | orders (7) | sarees (7) | shipping (7) | soon (7),onlinestore | contactpoint | website | organization,,140,Primary apparent term is weakly reinforced in rendered body copy.
/policies/sell-with-us-policy,policy,sell | us | trunk | submit | consignment | curation,sell | us | policy | trunk,submit | saree | trunk | consignment | curation,sell | us | policy,submit | submit | review | process | ownership | confirmation | pricing | commission | rejection | return | story | photography | rights | contact,all (9) | sarees (8) | use (8) | 100 (7) | 25 (7) | checkout (7) | code (7) | coming (7) | customers (7) | first25 (7) | free (7) | get (7) | grab (7) | now (7) | occasional (7) | off (7) | orders (7) | shipping (7) | soon (7) | first (6),onlinestore | contactpoint | website | organization,saree,60,Primary apparent term is weakly reinforced in rendered body copy.
/policies/grievance-redressal,grievance,redressal | policy | trunk | acknowledge | grievances | policies,grievance | redressal | policy | trunk,reach | us | acknowledge | resolve | grievances,grievance | redressal | policy,customer | support | grievance | officer | complaint | acknowledgement | resolution | timeline | include | escalation,all (10) | shipping (8) | use (8) | 100 (7) | 25 (7) | checkout (7) | code (7) | coming (7) | customers (7) | first25 (7) | free (7) | get (7) | grab (7) | now (7) | occasional (7) | off (7) | orders (7) | sarees (7) | soon (7) | first (6),onlinestore | contactpoint | website | organization,,100,Primary apparent term is weakly reinforced in rendered body copy.
/collection/fabric/silk,silk,listitem | pre-loved | trunk | sarees | saree | authenticated,pre-loved | silk | sarees | online | india | trunk,shop | authenticated | pre-loved | silk | sarees | trunk | restored | story-logged | ready | another | life,pre-loved | silk | sarees | authenticated | re-stored,questions | shoppers | ask | indigo | plum | tied | silk | saree | green | garden | silk | burgundy | zari | edge | teal | moody | silk | saree | rose | silk | red | blue | madras | check | cotton | midnight | kesari | cotton | drape | brown | mustard | light | silk | soft | girl | selai | green | nila | blue | gold | zari | silk | kempu | pachai | bandhani | silk | sarees | new | care | pre-loved | silk | saree,silk (14) | sarees (12) | arrival (10) | unique (10) | all (8) | use (8) | 100 (7) | 25 (7) | checkout (7) | code (7) | coming (7) | customers (7) | first25 (7) | free (7) | get (7) | grab (7) | now (7) | occasional (7) | off (7) | orders (7),onlinestore | contactpoint | website | organization | breadcrumblist | listitem | listitem | listitem | faqpage | question | answer | question | answer | itemlist | listitem | listitem | listitem | listitem | listitem | listitem | listitem | listitem | listitem | listitem,silk | sarees,80,Primary apparent term is reinforced in rendered body copy.
/blouses,pre-loved,saree | blouses | listitem | trunk | stretchfit | designer,pre-loved | saree | blouses | trunk,curated | pre-loved | designer | saree | blouses | complete | drape | authenticated | one-of-a-kind | pieces | trunk,pre-loved | designer | saree | blouses,questions | shoppers | ask | stretchfit | blouse | stretchfit | blouse | sleeveless | cerise | pink | stretchfit | blouse | sleeveless | marigold | orange | stretchfit | sleeveless | black | stretchfit | often | new | blouses | added,all (9) | soon (8) | use (8) | 100 (7) | 25 (7) | checkout (7) | code (7) | coming (7) | customers (7) | first25 (7) | free (7) | get (7) | grab (7) | now (7) | occasional (7) | off (7) | orders (7) | sarees (7) | shipping (7) | first (6),onlinestore | contactpoint | website | organization | breadcrumblist | listitem | listitem | listitem | faqpage | question | answer | itemlist | listitem | listitem | listitem | listitem | listitem,saree | blouses | drape,80,Primary apparent term is weakly reinforced in rendered body copy.
/guides/what-is-a-pre-loved-saree,pre-loved,saree | trunk | clear | guide | sarees | answer,pre-loved | saree | trunk,clear | guide | pre-loved | sarees | mean | differ | ordinary | second-hand | pieces | trunk | prepares,pre-loved | saree,quiet | guide | choosing | caring | understanding | pre-loved | sarees | clear | path | handled | care | read | confidence | explore | next | part | trunk | everything | want | ask | first | authenticated | condition | noted | story-led | understand | piece | trust | process | choose | consciously | pre-loved | damaged | buy | pre-loved | saree,pre-loved (10) | saree (10) | sarees (9) | use (9) | all (8) | now (8) | 100 (7) | 25 (7) | checkout (7) | code (7) | coming (7) | customers (7) | first (7) | first25 (7) | free (7) | get (7) | grab (7) | occasional (7) | off (7) | orders (7),onlinestore | contactpoint | website | organization | breadcrumblist | listitem | listitem | article | organization | faqpage | question | answer | question | answer,saree | sarees,100,Primary apparent term is reinforced in rendered body copy.
/guides/pre-loved-vs-second-hand-saree,pre-loved,sarees | second-hand | vs | trunk | answer | condition,pre-loved | vs | second-hand | sarees | trunk,understand | pre-loved | sarees | differ | ordinary | second-hand | listings | especially | around | condition | provenance | curation,pre-loved | vs | second-hand | sarees,quiet | guide | choosing | caring | understanding | pre-loved | sarees | clear | path | handled | care | read | confidence | explore | next | part | trunk | everything | want | ask | first | authenticated | condition | noted | story-led | understand | piece | trust | process | choose | consciously | pre-loved | expensive | second-hand | search | pre-loved | second-hand | sarees,sarees (10) | use (9) | all (8) | 100 (7) | 25 (7) | checkout (7) | code (7) | coming (7) | condition (7) | customers (7) | first (7) | first25 (7) | free (7) | get (7) | grab (7) | now (7) | occasional (7) | off (7) | orders (7) | shipping (7),onlinestore | contactpoint | website | organization | breadcrumblist | listitem | listitem | article | organization | faqpage | question | answer | question | answer,sarees,100,Primary apparent term is weakly reinforced in rendered body copy.
/collection/tangerine-noir-floral-border-weave,border,tangerine | floral | noir | weave | saree | chiffon,tangerine | noir | floral | border | weave | pre-loved | chiffon | saree | trunk,tangerine | noir | floral | border | weave | one-of-a-kind | pre-loved | chiffon | saree | authenticated | trunk | shipped | provenance,tangerine | noir | floral | border | weave,just | pre-loved | carefully | re-stored | pieces | similar | chapter | story | provenance | care | ownership | measurements | provenance | condition | textile | measurements | care | shipping | ownership | rose | vine | stripe | chiffon | saree | stretchfit | blouse | stretchfit | blouse | sleeveless | cerise | pink | stretchfit | blouse,checkout (9) | shipping (9) | all (8) | use (8) | 100 (7) | 25 (7) | code (7) | coming (7) | customers (7) | first25 (7) | free (7) | get (7) | grab (7) | now (7) | occasional (7) | off (7) | orders (7) | sarees (7) | soon (7) | first (6),onlinestore | contactpoint | website | organization | product | brand | propertyvalue | propertyvalue | offer | organization | breadcrumblist | listitem | listitem | listitem,weave | chiffon | saree,80,Primary apparent term is weakly reinforced in rendered body copy.
/collection/sunset-ombr-chiffon-draped-dream,chiffon,draped | dream | sunset | ombré | pre-loved | saree,sunset | ombré | chiffon | draped | dream | pre-loved | georgette | saree | trunk,sunset | ombré | chiffon | draped | dream | one-of-a-kind | pre-loved | georgette | saree | authenticated | trunk | shipped | provenance,sunset | ombré | chiffon | draped | dream,just | pre-loved | carefully | re-stored | pieces | similar | chapter | story | provenance | care | ownership | measurements | provenance | condition | textile | measurements | care | shipping | ownership | stretchfit | blouse | stretchfit | blouse | sleeveless | cerise | pink | stretchfit | blouse | sleeveless | marigold | orange | stretchfit,checkout (9) | shipping (9) | all (8) | use (8) | 100 (7) | 25 (7) | code (7) | coming (7) | customers (7) | first25 (7) | free (7) | get (7) | grab (7) | now (7) | occasional (7) | off (7) | orders (7) | sarees (7) | soon (7) | first (6),onlinestore | contactpoint | website | organization | product | brand | propertyvalue | propertyvalue | offer | organization | breadcrumblist | listitem | listitem | listitem,chiffon | draped | georgette | saree,80,Primary apparent term is weakly reinforced in rendered body copy.
/collection/indigo-plum-tied-silk-saree,saree,silk | indigo | plum | tied | trunk | pre-loved,indigo | plum | tied | silk | saree | trunk,indigo | plum | tied | silk | saree | one-of-a-kind | pre-loved | silk | saree | authenticated | trunk | shipped | provenance,indigo | plum | tied | silk | saree,just | pre-loved | carefully | re-stored | pieces | similar | chapter | story | provenance | care | ownership | measurements | provenance | condition | textile | measurements | care | shipping | ownership | coral | sunrise | chiffon | georgette | saree | forest | flame | tie | dye | silk | stretchfit | blouse | stretchfit | blouse,checkout (9) | shipping (9) | all (8) | use (8) | 100 (7) | 25 (7) | code (7) | coming (7) | customers (7) | first25 (7) | free (7) | get (7) | grab (7) | now (7) | occasional (7) | off (7) | orders (7) | sarees (7) | soon (7) | first (6),onlinestore | contactpoint | website | organization | product | brand | propertyvalue | propertyvalue | offer | organization | breadcrumblist | listitem | listitem | listitem,silk | saree,80,Primary apparent term is weakly reinforced in rendered body copy.
/collection/forest-flame-tie-dye-silk,silk,saree | dye | tie | flame | forest | pre-loved,forest | flame | tie | dye | silk | pre-loved | silk | saree | trunk,forest | flame | tie | dye | silk | one-of-a-kind | pre-loved | silk | saree | authenticated | trunk | before | loom | shipped | provenance,forest | flame | tie | dye | silk,just | pre-loved | carefully | re-stored | pieces | similar | chapter | story | provenance | care | ownership | measurements | provenance | condition | textile | measurements | care | shipping | ownership | coral | sunrise | chiffon | georgette | saree | indigo | plum | tied | silk | saree | stretchfit | blouse | stretchfit | blouse,checkout (9) | shipping (9) | all (8) | use (8) | 100 (7) | 25 (7) | code (7) | coming (7) | customers (7) | first25 (7) | free (7) | get (7) | grab (7) | now (7) | occasional (7) | off (7) | orders (7) | sarees (7) | soon (7) | first (6),onlinestore | contactpoint | website | organization | product | brand | propertyvalue | propertyvalue | offer | organization | breadcrumblist | listitem | listitem | listitem,silk | saree,80,Primary apparent term is weakly reinforced in rendered body copy.
/collection/moonstone-cream-mauve-border-saree,saree,cream | border | mauve | moonstone | pre-loved | trunk,moonstone | cream | mauve | border | saree | pre-loved | organza | saree | trunk,moonstone | cream | mauve | border | saree | one-of-a-kind | pre-loved | organza | saree | authenticated | trunk | shipped | provenance,moonstone | cream | mauve | border | saree,just | pre-loved | carefully | re-stored | pieces | similar | chapter | story | provenance | care | ownership | measurements | provenance | condition | textile | measurements | care | shipping | ownership | stretchfit | blouse | stretchfit | blouse | sleeveless | cerise | pink | stretchfit | blouse | sleeveless | marigold | orange | stretchfit,checkout (9) | shipping (9) | all (8) | use (8) | 100 (7) | 25 (7) | code (7) | coming (7) | customers (7) | first25 (7) | free (7) | get (7) | grab (7) | now (7) | occasional (7) | off (7) | orders (7) | sarees (7) | soon (7) | first (6),onlinestore | contactpoint | website | organization | product | brand | propertyvalue | propertyvalue | offer | organization | breadcrumblist | listitem | listitem | listitem,saree | organza,80,Primary apparent term is weakly reinforced in rendered body copy.
/collection/marigold-moss-cotton,cotton,marigold | moss | saree | pre-loved | trunk | stretchfit,marigold | moss | cotton | pre-loved | cotton | saree | trunk,marigold | moss | cotton | one-of-a-kind | pre-loved | cotton | saree | authenticated | trunk | handwoven | fine | cotton | shipped | provenance,marigold | moss | cotton,just | pre-loved | carefully | re-stored | pieces | similar | chapter | story | provenance | care | ownership | measurements | provenance | condition | textile | measurements | care | shipping | ownership | stretchfit | blouse | sleeveless | cerise | pink | stretchfit | blouse | sleeveless | black | stretchfit | stretchfit | blouse,checkout (9) | shipping (9) | all (8) | use (8) | 100 (7) | 25 (7) | code (7) | coming (7) | customers (7) | first25 (7) | free (7) | get (7) | grab (7) | now (7) | occasional (7) | off (7) | orders (7) | sarees (7) | soon (7) | first (6),onlinestore | contactpoint | website | organization | product | brand | propertyvalue | propertyvalue | offer | organization | breadcrumblist | listitem | listitem | listitem,cotton | saree,80,Primary apparent term is weakly reinforced in rendered body copy.
/collection/midnight-garden-georgette-saree,saree,georgette | garden | midnight | trunk | pre-loved | blouse,midnight | garden | georgette | saree | trunk,midnight | garden | georgette | saree | one-of-a-kind | pre-loved | georgette | saree | authenticated | trunk | shipped | provenance,midnight | garden | georgette | saree,just | pre-loved | carefully | re-stored | pieces | similar | chapter | story | provenance | care | ownership | measurements | provenance | condition | textile | measurements | care | shipping | ownership | sunset | ombré | chiffon | draped | dream | stretchfit | blouse | stretchfit | blouse | sleeveless | cerise | pink | stretchfit | blouse,checkout (9) | shipping (9) | all (8) | use (8) | 100 (7) | 25 (7) | code (7) | coming (7) | customers (7) | first25 (7) | free (7) | get (7) | grab (7) | now (7) | occasional (7) | off (7) | orders (7) | sarees (7) | soon (7) | first (6),onlinestore | contactpoint | website | organization | product | brand | propertyvalue | propertyvalue | offer | organization | breadcrumblist | listitem | listitem | listitem,georgette | saree,80,Primary apparent term is weakly reinforced in rendered body copy.
/collection/verdant-bloom-silk-burgundy-gold-border,silk,burgundy | green | saree | zari | edge | garden,green | garden | silk | burgundy | zari | edge | pre-loved | silk | saree | trunk,green | garden | silk | burgundy | zari | edge | one-of-a-kind | pre-loved | silk | saree | authenticated | trunk | shipped | provenance,green | garden | silk | burgundy | zari | edge,just | pre-loved | carefully | re-stored | pieces | similar | chapter | story | provenance | care | ownership | measurements | provenance | condition | textile | measurements | care | shipping | ownership | coral | sunrise | chiffon | georgette | saree | indigo | plum | tied | silk | saree | forest | flame | tie | dye | silk | stretchfit | blouse,checkout (9) | shipping (9) | all (8) | use (8) | 100 (7) | 25 (7) | code (7) | coming (7) | customers (7) | first25 (7) | free (7) | get (7) | grab (7) | now (7) | occasional (7) | off (7) | orders (7) | sarees (7) | soon (7) | first (6),onlinestore | contactpoint | website | organization | product | brand | propertyvalue | propertyvalue | offer | organization | breadcrumblist | listitem | listitem | listitem,silk | zari | saree,80,Primary apparent term is weakly reinforced in rendered body copy.
/collection/pink-katan-triangle-zari-edge,temple,katan | pink | saree | border | pre-loved | silk,pink | katan | temple | border | pre-loved | silk | saree | trunk,pink | katan | temple | border | one-of-a-kind | pre-loved | silk | saree | authenticated | trunk | temple | borders | shipped | provenance,pink | katan | temple | border,just | pre-loved | carefully | re-stored | pieces | similar | chapter | story | provenance | care | ownership | measurements | provenance | condition | textile | measurements | care | shipping | ownership | coral | sunrise | chiffon | georgette | saree | indigo | plum | tied | silk | saree | forest | flame | tie | dye | silk | stretchfit | blouse,checkout (9) | shipping (9) | all (8) | use (8) | 100 (7) | 25 (7) | code (7) | coming (7) | customers (7) | first25 (7) | free (7) | get (7) | grab (7) | now (7) | occasional (7) | off (7) | orders (7) | sarees (7) | soon (7) | first (6),onlinestore | contactpoint | website | organization | product | brand | propertyvalue | propertyvalue | offer | organization | breadcrumblist | listitem | listitem | listitem,silk | saree,80,Primary apparent term is weakly reinforced in rendered body copy.
/collection/forest-green-silk-black-gold,silk,black | gold | green | forest | saree | pre-loved,forest | green | silk | black | gold | pre-loved | silk | saree | trunk,forest | green | silk | black | gold | one-of-a-kind | pre-loved | silk | saree | authenticated | trunk | shipped | provenance,forest | green | silk | black | gold,just | pre-loved | carefully | re-stored | pieces | similar | chapter | story | provenance | care | ownership | measurements | provenance | condition | textile | measurements | care | shipping | ownership | coral | sunrise | chiffon | georgette | saree | indigo | plum | tied | silk | saree | forest | flame | tie | dye | silk | stretchfit | blouse,checkout (9) | shipping (9) | all (8) | use (8) | 100 (7) | 25 (7) | code (7) | coming (7) | customers (7) | first25 (7) | free (7) | get (7) | grab (7) | now (7) | occasional (7) | off (7) | orders (7) | sarees (7) | soon (7) | first (6),onlinestore | contactpoint | website | organization | product | brand | propertyvalue | propertyvalue | offer | organization | breadcrumblist | listitem | listitem | listitem,silk | saree,80,Primary apparent term is weakly reinforced in rendered body copy.
/collection/teal-blue-moody-silk-drape,saree,silk | moody | teal | trunk | pre-loved | moment,teal | moody | silk | saree | trunk,teal | moody | silk | saree | one-of-a-kind | pre-loved | silk | saree | authenticated | trunk | moment | late | shipped | provenance,teal | moody | silk | saree,just | pre-loved | carefully | re-stored | pieces | similar | chapter | story | provenance | care | ownership | measurements | provenance | condition | textile | measurements | care | shipping | ownership | coral | sunrise | chiffon | georgette | saree | indigo | plum | tied | silk | saree | forest | flame | tie | dye | silk | stretchfit | blouse,checkout (9) | shipping (9) | all (8) | use (8) | 100 (7) | 25 (7) | code (7) | coming (7) | customers (7) | first25 (7) | free (7) | get (7) | grab (7) | now (7) | occasional (7) | off (7) | orders (7) | sarees (7) | soon (7) | first (6),onlinestore | contactpoint | website | organization | product | brand | propertyvalue | propertyvalue | offer | organization | breadcrumblist | listitem | listitem | listitem,silk | saree,80,Primary apparent term is weakly reinforced in rendered body copy.
/collection/rose-silk-green-brown-stripe,silk,saree | rose | pre-loved | trunk | before | brown,rose | silk | pre-loved | silk | saree | trunk,rose | silk | one-of-a-kind | pre-loved | silk | saree | authenticated | trunk | before | single | thread | thrown | across | shipped | provenance,rose | silk,just | pre-loved | carefully | re-stored | pieces | similar | chapter | story | provenance | care | ownership | measurements | provenance | condition | textile | measurements | care | shipping | ownership | coral | sunrise | chiffon | georgette | saree | indigo | plum | tied | silk | saree | forest | flame | tie | dye | silk | stretchfit | blouse,checkout (9) | shipping (9) | all (8) | use (8) | 100 (7) | 25 (7) | code (7) | coming (7) | customers (7) | first25 (7) | free (7) | get (7) | grab (7) | now (7) | occasional (7) | off (7) | orders (7) | sarees (7) | soon (7) | first (6),onlinestore | contactpoint | website | organization | product | brand | propertyvalue | propertyvalue | offer | organization | breadcrumblist | listitem | listitem | listitem,silk | saree,80,Primary apparent term is weakly reinforced in rendered body copy.
/collection/mustard-organza-brown-border-drape,saree,organza | gold | harvest | pre-loved | trunk | border,harvest | gold | pre-loved | organza | saree | trunk,harvest | gold | one-of-a-kind | pre-loved | organza | saree | authenticated | trunk | organza | character | shipped | provenance,harvest | gold,just | pre-loved | carefully | re-stored | pieces | similar | chapter | story | provenance | care | ownership | measurements | provenance | condition | textile | measurements | care | shipping | ownership | moonstone | cream | mauve | border | saree | stretchfit | blouse | stretchfit | blouse | sleeveless | cerise | pink | stretchfit | blouse,checkout (9) | shipping (9) | all (8) | use (8) | 100 (7) | 25 (7) | code (7) | coming (7) | customers (7) | first25 (7) | free (7) | get (7) | grab (7) | now (7) | occasional (7) | off (7) | orders (7) | sarees (7) | soon (7) | first (6),onlinestore | contactpoint | website | organization | product | brand | propertyvalue | propertyvalue | offer | organization | breadcrumblist | listitem | listitem | listitem,organza | saree,60,Primary apparent term is weakly reinforced in rendered body copy.
/collection/charcoal-gold-organza-heirloom-drape,organza,charcoal | gold | drape | heirloom | saree | pre-loved,charcoal | gold | organza | heirloom | drape | pre-loved | organza | saree | trunk,charcoal | gold | organza | heirloom | drape | one-of-a-kind | pre-loved | organza | saree | authenticated | trunk | shipped | provenance,charcoal | gold | organza | heirloom | drape,just | pre-loved | carefully | re-stored | pieces | similar | chapter | story | provenance | care | ownership | measurements | provenance | condition | textile | measurements | care | shipping | ownership | moonstone | cream | mauve | border | saree | stretchfit | blouse | stretchfit | blouse | sleeveless | cerise | pink | stretchfit | blouse,checkout (9) | shipping (9) | all (8) | use (8) | 100 (7) | 25 (7) | code (7) | coming (7) | customers (7) | first25 (7) | free (7) | get (7) | grab (7) | now (7) | occasional (7) | off (7) | orders (7) | sarees (7) | soon (7) | first (6),onlinestore | contactpoint | website | organization | product | brand | propertyvalue | propertyvalue | offer | organization | breadcrumblist | listitem | listitem | listitem,organza | drape | saree,80,Primary apparent term is weakly reinforced in rendered body copy.
/collection/beige-organza-peach-bloom,organza,peach | beige | bloom | pre-loved | print | saree,beige | organza | peach | bloom | print | pre-loved | organza | saree | trunk,beige | organza | peach | bloom | print | one-of-a-kind | pre-loved | organza | saree | authenticated | trunk | shipped | provenance,beige | organza | peach | bloom | print,just | pre-loved | carefully | re-stored | pieces | similar | chapter | story | provenance | care | ownership | measurements | provenance | condition | textile | measurements | care | shipping | ownership | moonstone | cream | mauve | border | saree | stretchfit | blouse | stretchfit | blouse | sleeveless | cerise | pink | stretchfit | blouse,checkout (9) | shipping (9) | all (8) | use (8) | 100 (7) | 25 (7) | code (7) | coming (7) | customers (7) | first25 (7) | free (7) | get (7) | grab (7) | now (7) | occasional (7) | off (7) | orders (7) | sarees (7) | soon (7) | first (6),onlinestore | contactpoint | website | organization | product | brand | propertyvalue | propertyvalue | offer | organization | breadcrumblist | listitem | listitem | listitem,organza | saree,80,Primary apparent term is weakly reinforced in rendered body copy.
/collection/maroon-chettinad-cotton,cotton,chettinad | maroon | saree | pre-loved | trunk | stretchfit,maroon | chettinad | cotton | pre-loved | cotton | saree | trunk,maroon | chettinad | cotton | one-of-a-kind | pre-loved | cotton | saree | authenticated | trunk | born | handlooms | shipped | provenance,maroon | chettinad | cotton,just | pre-loved | carefully | re-stored | pieces | similar | chapter | story | provenance | care | ownership | measurements | provenance | condition | textile | measurements | care | shipping | ownership | stretchfit | blouse | sleeveless | cerise | pink | stretchfit | blouse | sleeveless | black | stretchfit | stretchfit | blouse,checkout (9) | shipping (9) | all (8) | use (8) | 100 (7) | 25 (7) | code (7) | coming (7) | customers (7) | first25 (7) | free (7) | get (7) | grab (7) | now (7) | occasional (7) | off (7) | orders (7) | sarees (7) | soon (7) | first (6),onlinestore | contactpoint | website | organization | product | brand | propertyvalue | propertyvalue | offer | organization | breadcrumblist | listitem | listitem | listitem,cotton | saree,80,Primary apparent term is weakly reinforced in rendered body copy.
/collection/deep-wine-organza,organza,saree | deep | wine | pre-loved | trunk | burgundy,deep | wine | organza | pre-loved | organza | saree | trunk,deep | wine | organza | one-of-a-kind | pre-loved | organza | saree | authenticated | trunk | sumptuous | burgundy | saree | shipped | provenance,deep | wine | organza,just | pre-loved | carefully | re-stored | pieces | similar | chapter | story | provenance | care | ownership | measurements | provenance | condition | textile | measurements | care | shipping | ownership | moonstone | cream | mauve | border | saree | stretchfit | blouse | stretchfit | blouse | sleeveless | cerise | pink | stretchfit | blouse,checkout (9) | shipping (9) | all (8) | use (8) | 100 (7) | 25 (7) | code (7) | coming (7) | customers (7) | first25 (7) | free (7) | get (7) | grab (7) | now (7) | occasional (7) | off (7) | orders (7) | sarees (7) | soon (7) | first (6),onlinestore | contactpoint | website | organization | product | brand | propertyvalue | propertyvalue | offer | organization | breadcrumblist | listitem | listitem | listitem,organza | saree,80,Primary apparent term is weakly reinforced in rendered body copy.
/collection/indigo-dusk-silk-cotton,saree,dusk | indigo | pre-loved | trunk | cotton | stretchfit,indigo | dusk | pre-loved | cotton | saree | trunk,indigo | dusk | one-of-a-kind | pre-loved | cotton | saree | authenticated | trunk | striking | deep | blue | saree | adorned | shipped | provenance,indigo | dusk,just | pre-loved | carefully | re-stored | pieces | similar | chapter | story | provenance | care | ownership | measurements | provenance | condition | textile | measurements | care | shipping | ownership | stretchfit | blouse | sleeveless | cerise | pink | stretchfit | blouse | sleeveless | black | stretchfit | stretchfit | blouse,checkout (9) | shipping (9) | all (8) | use (8) | 100 (7) | 25 (7) | code (7) | coming (7) | customers (7) | first25 (7) | free (7) | get (7) | grab (7) | now (7) | occasional (7) | off (7) | orders (7) | sarees (7) | soon (7) | first (6),onlinestore | contactpoint | website | organization | product | brand | propertyvalue | propertyvalue | offer | organization | breadcrumblist | listitem | listitem | listitem,cotton | saree,60,Primary apparent term is weakly reinforced in rendered body copy.
/collection/reddish-mango-cotton-orange-border,mango,reddish | pre-loved | saree | cotton | trunk | stretchfit,reddish | mango | pre-loved | cotton | saree | trunk,reddish | mango | one-of-a-kind | pre-loved | cotton | saree | authenticated | trunk | precise | moment | shipped | provenance,reddish | mango,just | pre-loved | carefully | re-stored | pieces | similar | chapter | story | provenance | care | ownership | measurements | provenance | condition | textile | measurements | care | shipping | ownership | stretchfit | blouse | sleeveless | cerise | pink | stretchfit | blouse | sleeveless | black | stretchfit | stretchfit | blouse,checkout (9) | shipping (9) | all (8) | use (8) | 100 (7) | 25 (7) | code (7) | coming (7) | customers (7) | first25 (7) | free (7) | get (7) | grab (7) | now (7) | occasional (7) | off (7) | orders (7) | sarees (7) | soon (7) | first (6),onlinestore | contactpoint | website | organization | product | brand | propertyvalue | propertyvalue | offer | organization | breadcrumblist | listitem | listitem | listitem,cotton | saree,80,Primary apparent term is weakly reinforced in rendered body copy.
/collection/magenta-cotton,cotton,magenta | zari | border | gold | pre-loved | saree,magenta | cotton | gold | zari | border | pre-loved | cotton | saree | trunk,magenta | cotton | gold | zari | border | one-of-a-kind | pre-loved | cotton | saree | authenticated | trunk | shipped | provenance,magenta | cotton | gold | zari | border,just | pre-loved | carefully | re-stored | pieces | similar | chapter | story | provenance | care | ownership | measurements | provenance | condition | textile | measurements | care | shipping | ownership | stretchfit | blouse | sleeveless | cerise | pink | stretchfit | blouse | sleeveless | black | stretchfit | stretchfit | blouse,checkout (9) | shipping (9) | all (8) | use (8) | 100 (7) | 25 (7) | code (7) | coming (7) | customers (7) | first25 (7) | free (7) | get (7) | grab (7) | now (7) | occasional (7) | off (7) | orders (7) | sarees (7) | soon (7) | first (6),onlinestore | contactpoint | website | organization | product | brand | propertyvalue | propertyvalue | offer | organization | breadcrumblist | listitem | listitem | listitem,cotton | zari | saree,80,Primary apparent term is weakly reinforced in rendered body copy.
/collection/red-blue-madras-check-cotton,cotton,madras | blue | check | red | pre-loved | saree,red | blue | madras | check | cotton | pre-loved | cotton | silk | saree | trunk,red | blue | madras | check | cotton | one-of-a-kind | pre-loved | cotton | silk | saree | authenticated | trunk | shipped | provenance,red | blue | madras | check | cotton,just | pre-loved | carefully | re-stored | pieces | similar | chapter | story | provenance | care | ownership | measurements | provenance | condition | textile | measurements | care | shipping | ownership | stretchfit | blouse | stretchfit | blouse | sleeveless | cerise | pink | stretchfit | blouse | sleeveless | marigold | orange | stretchfit,checkout (9) | shipping (9) | all (8) | use (8) | 100 (7) | 25 (7) | code (7) | coming (7) | customers (7) | first25 (7) | free (7) | get (7) | grab (7) | now (7) | occasional (7) | off (7) | orders (7) | sarees (7) | soon (7) | first (6),onlinestore | contactpoint | website | organization | product | brand | propertyvalue | propertyvalue | offer | organization | breadcrumblist | listitem | listitem | listitem,cotton | silk | saree,80,Primary apparent term is weakly reinforced in rendered body copy.
/collection/twilight-orange-cotton-weave,cotton,orange | weave | twilight | pre-loved | saree | trunk,twilight | orange | cotton | weave | pre-loved | cotton | saree | trunk,twilight | orange | cotton | weave | one-of-a-kind | pre-loved | cotton | saree | authenticated | trunk | shipped | provenance,twilight | orange | cotton | weave,just | pre-loved | carefully | re-stored | pieces | similar | chapter | story | provenance | care | ownership | measurements | provenance | condition | textile | measurements | care | shipping | ownership | stretchfit | blouse | sleeveless | cerise | pink | stretchfit | blouse | sleeveless | black | stretchfit | stretchfit | blouse,checkout (9) | shipping (9) | all (8) | use (8) | 100 (7) | 25 (7) | code (7) | coming (7) | customers (7) | first25 (7) | free (7) | get (7) | grab (7) | now (7) | occasional (7) | off (7) | orders (7) | sarees (7) | soon (7) | first (6),onlinestore | contactpoint | website | organization | product | brand | propertyvalue | propertyvalue | offer | organization | breadcrumblist | listitem | listitem | listitem,cotton | weave | saree,80,Primary apparent term is weakly reinforced in rendered body copy.
/collection/lime-and-gold-cotton-classic,cotton,gold | lime | pre-loved | saree | classic | trunk,lime | gold | cotton | classic | pre-loved | cotton | saree | trunk,lime | gold | cotton | classic | one-of-a-kind | pre-loved | cotton | saree | authenticated | trunk | shipped | provenance,lime | gold | cotton | classic,just | pre-loved | carefully | re-stored | pieces | similar | chapter | story | provenance | care | ownership | measurements | provenance | condition | textile | measurements | care | shipping | ownership | stretchfit | blouse | sleeveless | cerise | pink | stretchfit | blouse | sleeveless | black | stretchfit | stretchfit | blouse,checkout (9) | shipping (9) | all (8) | use (8) | 100 (7) | 25 (7) | code (7) | coming (7) | customers (7) | first25 (7) | free (7) | get (7) | grab (7) | now (7) | occasional (7) | off (7) | orders (7) | sarees (7) | soon (7) | first (6),onlinestore | contactpoint | website | organization | product | brand | propertyvalue | propertyvalue | offer | organization | breadcrumblist | listitem | listitem | listitem,cotton | saree,80,Primary apparent term is weakly reinforced in rendered body copy.
/collection/midnight-tribe-gold-border-cotton,cotton,gold | border | midnight | tribe | pre-loved | saree,midnight | tribe | gold | border | cotton | pre-loved | cotton | saree | trunk,midnight | tribe | gold | border | cotton | one-of-a-kind | pre-loved | cotton | saree | authenticated | trunk | shipped | provenance,midnight | tribe | gold | border | cotton,just | pre-loved | carefully | re-stored | pieces | similar | chapter | story | provenance | care | ownership | measurements | provenance | condition | textile | measurements | care | shipping | ownership | stretchfit | blouse | sleeveless | cerise | pink | stretchfit | blouse | sleeveless | black | stretchfit | stretchfit | blouse,checkout (9) | shipping (9) | all (8) | use (8) | 100 (7) | 25 (7) | code (7) | coming (7) | customers (7) | first25 (7) | free (7) | get (7) | grab (7) | now (7) | occasional (7) | off (7) | orders (7) | sarees (7) | soon (7) | first (6),onlinestore | contactpoint | website | organization | product | brand | propertyvalue | propertyvalue | offer | organization | breadcrumblist | listitem | listitem | listitem,cotton | saree,80,Primary apparent term is weakly reinforced in rendered body copy.
/collection/autumn-ember-golden-leaf-cotton,cotton,autumn | ember | golden | leaf | pre-loved | saree,autumn | ember | golden | leaf | cotton | pre-loved | cotton | saree | trunk,autumn | ember | golden | leaf | cotton | one-of-a-kind | pre-loved | cotton | saree | authenticated | trunk | shipped | provenance,autumn | ember | golden | leaf | cotton,just | pre-loved | carefully | re-stored | pieces | similar | chapter | story | provenance | care | ownership | measurements | provenance | condition | textile | measurements | care | shipping | ownership | stretchfit | blouse | sleeveless | cerise | pink | stretchfit | blouse | sleeveless | black | stretchfit | stretchfit | blouse,checkout (9) | shipping (9) | all (8) | use (8) | 100 (7) | 25 (7) | code (7) | coming (7) | customers (7) | first25 (7) | free (7) | get (7) | grab (7) | now (7) | occasional (7) | off (7) | orders (7) | sarees (7) | soon (7) | first (6),onlinestore | contactpoint | website | organization | product | brand | propertyvalue | propertyvalue | offer | organization | breadcrumblist | listitem | listitem | listitem,cotton | saree,80,Primary apparent term is weakly reinforced in rendered body copy.
/collection/orange-blossom-cotton-weave,cotton,orange | blossom | weave | pre-loved | saree | trunk,orange | blossom | cotton | weave | pre-loved | cotton | saree | trunk,orange | blossom | cotton | weave | one-of-a-kind | pre-loved | cotton | saree | authenticated | trunk | shipped | provenance,orange | blossom | cotton | weave,just | pre-loved | carefully | re-stored | pieces | similar | chapter | story | provenance | care | ownership | measurements | provenance | condition | textile | measurements | care | shipping | ownership | stretchfit | blouse | sleeveless | cerise | pink | stretchfit | blouse | sleeveless | black | stretchfit | stretchfit | blouse,checkout (9) | shipping (9) | all (8) | use (8) | 100 (7) | 25 (7) | code (7) | coming (7) | customers (7) | first25 (7) | free (7) | get (7) | grab (7) | now (7) | occasional (7) | off (7) | orders (7) | sarees (7) | soon (7) | first (6),onlinestore | contactpoint | website | organization | product | brand | propertyvalue | propertyvalue | offer | organization | breadcrumblist | listitem | listitem | listitem,cotton | weave | saree,80,Primary apparent term is weakly reinforced in rendered body copy.
/collection/midnight-kesari-cotton-drape,saree,kesari | midnight | silk | cotton | drape | pre-loved,midnight | kesari | cotton | drape | pre-loved | silk | saree | trunk,midnight | kesari | cotton | drape | one-of-a-kind | pre-loved | silk | saree | authenticated | trunk | shipped | provenance,midnight | kesari | cotton | drape,just | pre-loved | carefully | re-stored | pieces | similar | chapter | story | provenance | care | ownership | measurements | provenance | condition | textile | measurements | care | shipping | ownership | coral | sunrise | chiffon | georgette | saree | indigo | plum | tied | silk | saree | forest | flame | tie | dye | silk | stretchfit | blouse,checkout (9) | shipping (9) | all (8) | use (8) | 100 (7) | 25 (7) | code (7) | coming (7) | customers (7) | first25 (7) | free (7) | get (7) | grab (7) | now (7) | occasional (7) | off (7) | orders (7) | sarees (7) | soon (7) | first (6),onlinestore | contactpoint | website | organization | product | brand | propertyvalue | propertyvalue | offer | organization | breadcrumblist | listitem | listitem | listitem,cotton | drape | silk | saree,60,Primary apparent term is weakly reinforced in rendered body copy.
/collection/blush-green-handwoven-cotton-drape,green,blush | saree | cotton | pre-loved | trunk | stretchfit,blush | green | pre-loved | cotton | saree | trunk,blush | green | one-of-a-kind | pre-loved | cotton | saree | authenticated | trunk | green | exists | just | shipped | provenance,blush | green,just | pre-loved | carefully | re-stored | pieces | similar | chapter | story | provenance | care | ownership | measurements | provenance | condition | textile | measurements | care | shipping | ownership | stretchfit | blouse | sleeveless | cerise | pink | stretchfit | blouse | sleeveless | black | stretchfit | stretchfit | blouse,checkout (9) | shipping (9) | all (8) | use (8) | 100 (7) | 25 (7) | code (7) | coming (7) | customers (7) | first25 (7) | free (7) | get (7) | grab (7) | now (7) | occasional (7) | off (7) | orders (7) | sarees (7) | soon (7) | first (6),onlinestore | contactpoint | website | organization | product | brand | propertyvalue | propertyvalue | offer | organization | breadcrumblist | listitem | listitem | listitem,cotton | saree,80,Primary apparent term is weakly reinforced in rendered body copy.
/collection/brown-kapi-cotton-black-line-border,cotton,brown | kapi | saree | pre-loved | trunk | stretchfit,brown | kapi | cotton | pre-loved | cotton | saree | trunk,brown | kapi | cotton | one-of-a-kind | pre-loved | cotton | saree | authenticated | trunk | kapi | warm | toasted | brown | shipped | provenance,brown | kapi | cotton,just | pre-loved | carefully | re-stored | pieces | similar | chapter | story | provenance | care | ownership | measurements | provenance | condition | textile | measurements | care | shipping | ownership | stretchfit | blouse | sleeveless | cerise | pink | stretchfit | blouse | sleeveless | black | stretchfit | stretchfit | blouse,checkout (9) | shipping (9) | all (8) | use (8) | 100 (7) | 25 (7) | code (7) | coming (7) | customers (7) | first25 (7) | free (7) | get (7) | grab (7) | now (7) | occasional (7) | off (7) | orders (7) | sarees (7) | soon (7) | first (6),onlinestore | contactpoint | website | organization | product | brand | propertyvalue | propertyvalue | offer | organization | breadcrumblist | listitem | listitem | listitem,cotton | saree,80,Primary apparent term is weakly reinforced in rendered body copy.
/collection/brown-and-mustard-light-silk,silk,brown | light | mustard | saree | pre-loved | trunk,brown | mustard | light | silk | pre-loved | silk | saree | trunk,brown | mustard | light | silk | one-of-a-kind | pre-loved | silk | saree | authenticated | trunk | shipped | provenance,brown | mustard | light | silk,just | pre-loved | carefully | re-stored | pieces | similar | chapter | story | provenance | care | ownership | measurements | provenance | condition | textile | measurements | care | shipping | ownership | coral | sunrise | chiffon | georgette | saree | indigo | plum | tied | silk | saree | forest | flame | tie | dye | silk | stretchfit | blouse,checkout (9) | shipping (9) | all (8) | use (8) | 100 (7) | 25 (7) | code (7) | coming (7) | customers (7) | first25 (7) | free (7) | get (7) | grab (7) | now (7) | occasional (7) | off (7) | orders (7) | sarees (7) | soon (7) | first (6),onlinestore | contactpoint | website | organization | product | brand | propertyvalue | propertyvalue | offer | organization | breadcrumblist | listitem | listitem | listitem,silk | saree,80,Primary apparent term is weakly reinforced in rendered body copy.
/collection/kesari-sunset-chiffon-saree,chiffon,saree | kesari | sunset | pre-loved | trunk | listitem,kesari | sunset | chiffon | saree | trunk,kesari | sunset | chiffon | saree | one-of-a-kind | pre-loved | chiffon | saree | authenticated | trunk | shipped | provenance,kesari | sunset | chiffon | saree,just | pre-loved | carefully | re-stored | pieces | similar | chapter | story | provenance | care | ownership | measurements | provenance | condition | textile | measurements | care | shipping | ownership | tangerine | noir | floral | border | weave | rose | vine | stripe | chiffon | saree | stretchfit | blouse | stretchfit | blouse,checkout (9) | shipping (9) | all (8) | use (8) | 100 (7) | 25 (7) | code (7) | coming (7) | customers (7) | first25 (7) | free (7) | get (7) | grab (7) | now (7) | occasional (7) | off (7) | orders (7) | sarees (7) | soon (7) | first (6),onlinestore | contactpoint | website | organization | product | brand | propertyvalue | propertyvalue | offer | organization | breadcrumblist | listitem | listitem | listitem,chiffon | saree,80,Primary apparent term is weakly reinforced in rendered body copy.
/collection/magenta-mist-chiffon-drape,chiffon,magenta | drape | saree | mist | pre-loved | trunk,magenta | mist | chiffon | drape | pre-loved | chiffon | saree | trunk,magenta | mist | chiffon | drape | one-of-a-kind | pre-loved | chiffon | saree | authenticated | trunk | shipped | provenance,magenta | mist | chiffon | drape,just | pre-loved | carefully | re-stored | pieces | similar | chapter | story | provenance | care | ownership | measurements | provenance | condition | textile | measurements | care | shipping | ownership | tangerine | noir | floral | border | weave | rose | vine | stripe | chiffon | saree | stretchfit | blouse | stretchfit | blouse,checkout (9) | shipping (9) | all (8) | use (8) | 100 (7) | 25 (7) | code (7) | coming (7) | customers (7) | first25 (7) | free (7) | get (7) | grab (7) | now (7) | occasional (7) | off (7) | orders (7) | sarees (7) | soon (7) | first (6),onlinestore | contactpoint | website | organization | product | brand | propertyvalue | propertyvalue | offer | organization | breadcrumblist | listitem | listitem | listitem,chiffon | drape | saree,80,Primary apparent term is weakly reinforced in rendered body copy.
/collection/green-chiffon-with-fancy-border,saree,chiffon | border | garden | mint | pre-loved | trunk,mint | chiffon | garden | border | saree | pre-loved | chiffon | saree | trunk,mint | chiffon | garden | border | saree | one-of-a-kind | pre-loved | chiffon | saree | authenticated | trunk | shipped | provenance,mint | chiffon | garden | border | saree,just | pre-loved | carefully | re-stored | pieces | similar | chapter | story | provenance | care | ownership | measurements | provenance | condition | textile | measurements | care | shipping | ownership | tangerine | noir | floral | border | weave | rose | vine | stripe | chiffon | saree | stretchfit | blouse | stretchfit | blouse,checkout (9) | shipping (9) | all (8) | use (8) | 100 (7) | 25 (7) | code (7) | coming (7) | customers (7) | first25 (7) | free (7) | get (7) | grab (7) | now (7) | occasional (7) | off (7) | orders (7) | sarees (7) | soon (7) | first (6),onlinestore | contactpoint | website | organization | product | brand | propertyvalue | propertyvalue | offer | organization | breadcrumblist | listitem | listitem | listitem,chiffon | saree,80,Primary apparent term is weakly reinforced in rendered body copy.
/collection/rani-pink-georgette-garden-party,georgette,pink | rani | saree | pre-loved | trunk | blouse,rani | pink | georgette | pre-loved | georgette | saree | trunk,rani | pink | georgette | one-of-a-kind | pre-loved | georgette | saree | authenticated | trunk | particular | shipped | provenance,rani | pink | georgette,just | pre-loved | carefully | re-stored | pieces | similar | chapter | story | provenance | care | ownership | measurements | provenance | condition | textile | measurements | care | shipping | ownership | sunset | ombré | chiffon | draped | dream | stretchfit | blouse | stretchfit | blouse | sleeveless | cerise | pink | stretchfit | blouse,checkout (9) | shipping (9) | all (8) | use (8) | 100 (7) | 25 (7) | code (7) | coming (7) | customers (7) | first25 (7) | free (7) | get (7) | grab (7) | now (7) | occasional (7) | off (7) | orders (7) | sarees (7) | soon (7) | first (6),onlinestore | contactpoint | website | organization | product | brand | propertyvalue | propertyvalue | offer | organization | breadcrumblist | listitem | listitem | listitem,georgette | saree,80,Primary apparent term is weakly reinforced in rendered body copy.
/collection/midnight-zari-georgette,georgette,midnight | gold | saree | embroidered | pre-loved | trunk,midnight | gold | embroidered | georgette | pre-loved | georgette | saree | trunk,midnight | gold | embroidered | georgette | one-of-a-kind | pre-loved | georgette | saree | authenticated | trunk | shipped | provenance,midnight | gold | embroidered | georgette,just | pre-loved | carefully | re-stored | pieces | similar | chapter | story | provenance | care | ownership | measurements | provenance | condition | textile | measurements | care | shipping | ownership | sunset | ombré | chiffon | draped | dream | stretchfit | blouse | stretchfit | blouse | sleeveless | cerise | pink | stretchfit | blouse,checkout (9) | shipping (9) | all (8) | use (8) | 100 (7) | 25 (7) | code (7) | coming (7) | customers (7) | first25 (7) | free (7) | get (7) | grab (7) | now (7) | occasional (7) | off (7) | orders (7) | sarees (7) | soon (7) | first (6),onlinestore | contactpoint | website | organization | product | brand | propertyvalue | propertyvalue | propertyvalue | offer | organization | breadcrumblist | listitem | listitem | listitem,georgette | saree,80,Primary apparent term is weakly reinforced in rendered body copy.
/collection/pressed-bloom-sheer-chiffon,chiffon,pressed | sheer | saree | bloom | pre-loved | trunk,pressed | bloom | sheer | chiffon | pre-loved | chiffon | saree | trunk,pressed | bloom | sheer | chiffon | one-of-a-kind | pre-loved | chiffon | saree | authenticated | trunk | shipped | provenance,pressed | bloom | sheer | chiffon,just | pre-loved | carefully | re-stored | pieces | similar | chapter | story | provenance | care | ownership | measurements | provenance | condition | textile | measurements | care | shipping | ownership | tangerine | noir | floral | border | weave | rose | vine | stripe | chiffon | saree | stretchfit | blouse | stretchfit | blouse,checkout (9) | shipping (9) | all (8) | use (8) | 100 (7) | 25 (7) | code (7) | coming (7) | customers (7) | first25 (7) | free (7) | get (7) | grab (7) | now (7) | occasional (7) | off (7) | orders (7) | sarees (7) | soon (7) | first (6),onlinestore | contactpoint | website | organization | product | brand | propertyvalue | propertyvalue | offer | organization | breadcrumblist | listitem | listitem | listitem,chiffon | saree,80,Primary apparent term is weakly reinforced in rendered body copy.
/collection/mayil-peacock-kanjivaram-mix,mayil,saree | pre-loved | mix | trunk | kanjeevaram | stretchfit,mayil | pre-loved | kanjeevaram | mix | saree | trunk,mayil | one-of-a-kind | pre-loved | kanjeevaram | mix | saree | authenticated | trunk | named | tamil | word | shipped | provenance,mayil,just | pre-loved | carefully | re-stored | pieces | similar | chapter | story | provenance | care | ownership | measurements | provenance | condition | textile | measurements | care | shipping | ownership | stretchfit | blouse | stretchfit | blouse | sleeveless | cerise | pink | stretchfit | blouse | sleeveless | marigold | orange | stretchfit,checkout (9) | shipping (9) | all (8) | use (8) | 100 (7) | 25 (7) | code (7) | coming (7) | customers (7) | first25 (7) | free (7) | get (7) | grab (7) | now (7) | occasional (7) | off (7) | orders (7) | sarees (7) | soon (7) | first (6),onlinestore | contactpoint | website | organization | product | brand | propertyvalue | propertyvalue | propertyvalue | offer | organization | breadcrumblist | listitem | listitem | listitem,kanjeevaram | saree,80,Primary apparent term is weakly reinforced in rendered body copy.
/collection/burnt-orange-temple-border-kanjivaram,orange,burnt | kanchipuram | silk | saree | heirloom | pre-loved,kanchipuram | burnt | orange | heirloom | silk | pre-loved | kanjeevaram | saree | trunk,kanchipuram | burnt | orange | heirloom | silk | one-of-a-kind | pre-loved | kanjeevaram | saree | authenticated | trunk | shipped | provenance,kanchipuram | burnt | orange | heirloom | silk,just | pre-loved | carefully | re-stored | pieces | similar | chapter | story | provenance | care | ownership | measurements | provenance | condition | textile | measurements | care | shipping | ownership | stretchfit | blouse | stretchfit | blouse | sleeveless | cerise | pink | stretchfit | blouse | sleeveless | marigold | orange | stretchfit,checkout (9) | shipping (9) | all (8) | use (8) | 100 (7) | 25 (7) | code (7) | coming (7) | customers (7) | first25 (7) | free (7) | get (7) | grab (7) | now (7) | occasional (7) | off (7) | orders (7) | sarees (7) | soon (7) | first (6),onlinestore | contactpoint | website | organization | product | brand | propertyvalue | propertyvalue | propertyvalue | offer | organization | breadcrumblist | listitem | listitem | listitem,silk | kanjeevaram | saree,80,Primary apparent term is weakly reinforced in rendered body copy.
/collection/semmanjal-turmeric-gold-kanjeevaram,semmanjal,kanjivaram | pre-loved | saree | trunk | kanjeevaram | stretchfit,semmanjal | kanjivaram | pre-loved | kanjeevaram | saree | trunk,semmanjal | kanjivaram | one-of-a-kind | pre-loved | kanjeevaram | saree | authenticated | trunk | colour | shipped | provenance,semmanjal | kanjivaram,just | pre-loved | carefully | re-stored | pieces | similar | chapter | story | provenance | care | ownership | measurements | provenance | condition | textile | measurements | care | shipping | ownership | stretchfit | blouse | stretchfit | blouse | sleeveless | cerise | pink | stretchfit | blouse | sleeveless | marigold | orange | stretchfit,checkout (9) | shipping (9) | all (8) | use (8) | 100 (7) | 25 (7) | code (7) | coming (7) | customers (7) | first25 (7) | free (7) | get (7) | grab (7) | now (7) | occasional (7) | off (7) | orders (7) | sarees (7) | soon (7) | first (6),onlinestore | contactpoint | website | organization | product | brand | propertyvalue | propertyvalue | propertyvalue | offer | organization | breadcrumblist | listitem | listitem | listitem,kanjivaram | kanjeevaram | saree,80,Primary apparent term is weakly reinforced in rendered body copy.
/collection/thangam-golden-weave-kanjivaram,thangam,weave | saree | golden | kanjivaram | pre-loved | trunk,thangam | golden | weave | kanjivaram | pre-loved | kanjeevaram | saree | trunk,thangam | golden | weave | kanjivaram | one-of-a-kind | pre-loved | kanjeevaram | saree | authenticated | trunk | shipped | provenance,thangam | golden | weave | kanjivaram,just | pre-loved | carefully | re-stored | pieces | similar | chapter | story | provenance | care | ownership | measurements | provenance | condition | textile | measurements | care | shipping | ownership | stretchfit | blouse | stretchfit | blouse | sleeveless | cerise | pink | stretchfit | blouse | sleeveless | marigold | orange | stretchfit,checkout (9) | shipping (9) | all (8) | use (8) | 100 (7) | 25 (7) | code (7) | coming (7) | customers (7) | first25 (7) | free (7) | get (7) | grab (7) | now (7) | occasional (7) | off (7) | orders (7) | sarees (7) | soon (7) | first (6),onlinestore | contactpoint | website | organization | product | brand | propertyvalue | propertyvalue | propertyvalue | offer | organization | breadcrumblist | listitem | listitem | listitem,weave | kanjivaram | kanjeevaram | saree,80,Primary apparent term is weakly reinforced in rendered body copy.
/collection/violet-bloom-cotton-drape,cotton,violet | bloom | drape | pre-loved | saree | trunk,violet | bloom | cotton | drape | pre-loved | georgette | saree | trunk,violet | bloom | cotton | drape | one-of-a-kind | pre-loved | georgette | saree | authenticated | trunk | shipped | provenance,violet | bloom | cotton | drape,just | pre-loved | carefully | re-stored | pieces | similar | chapter | story | provenance | care | ownership | measurements | provenance | condition | textile | measurements | care | shipping | ownership | sunset | ombré | chiffon | draped | dream | stretchfit | blouse | stretchfit | blouse | sleeveless | cerise | pink | stretchfit | blouse,checkout (9) | shipping (9) | all (8) | use (8) | 100 (7) | 25 (7) | code (7) | coming (7) | customers (7) | first25 (7) | free (7) | get (7) | grab (7) | now (7) | occasional (7) | off (7) | orders (7) | sarees (7) | soon (7) | first (6),onlinestore | contactpoint | website | organization | product | brand | propertyvalue | propertyvalue | offer | organization | breadcrumblist | listitem | listitem | listitem,cotton | drape | georgette | saree,80,Primary apparent term is weakly reinforced in rendered body copy.
/collection/moss-green-lightweight-silk-selai,green,silk | selai | saree | pre-loved | soft | girl,soft | girl | selai | green | pre-loved | silk | saree | trunk,soft | girl | selai | green | one-of-a-kind | pre-loved | silk | saree | authenticated | trunk | particular | shade | shipped | provenance,soft | girl | selai | green,just | pre-loved | carefully | re-stored | pieces | similar | chapter | story | provenance | care | ownership | measurements | provenance | condition | textile | measurements | care | shipping | ownership | coral | sunrise | chiffon | georgette | saree | indigo | plum | tied | silk | saree | forest | flame | tie | dye | silk | stretchfit | blouse,checkout (9) | shipping (9) | all (8) | use (8) | 100 (7) | 25 (7) | code (7) | coming (7) | customers (7) | first25 (7) | free (7) | get (7) | grab (7) | now (7) | occasional (7) | off (7) | orders (7) | sarees (7) | soon (7) | first (6),onlinestore | contactpoint | website | organization | product | brand | propertyvalue | propertyvalue | propertyvalue | offer | organization | breadcrumblist | listitem | listitem | listitem,silk | saree,80,Primary apparent term is weakly reinforced in rendered body copy.
/collection/heritage-zari-border-kanjivaram,kanjivaram,gold | classic | pre-loved | saree | weave | trunk,classic | gold | weave | kanjivaram | pre-loved | kanjeevaram | saree | trunk,classic | gold | weave | kanjivaram | one-of-a-kind | pre-loved | kanjeevaram | saree | authenticated | trunk | shipped | provenance,classic | gold | weave | kanjivaram,just | pre-loved | carefully | re-stored | pieces | similar | chapter | story | provenance | care | ownership | measurements | provenance | condition | textile | measurements | care | shipping | ownership | stretchfit | blouse | stretchfit | blouse | sleeveless | cerise | pink | stretchfit | blouse | sleeveless | marigold | orange | stretchfit,checkout (9) | shipping (9) | all (8) | use (8) | 100 (7) | 25 (7) | code (7) | coming (7) | customers (7) | first25 (7) | free (7) | get (7) | grab (7) | now (7) | occasional (7) | off (7) | orders (7) | sarees (7) | soon (7) | first (6),onlinestore | contactpoint | website | organization | product | brand | propertyvalue | propertyvalue | offer | organization | breadcrumblist | listitem | listitem | listitem,weave | kanjivaram | kanjeevaram | saree,80,Primary apparent term is weakly reinforced in rendered body copy.
/collection/nava-pazham-kanjeevaram-silk,nava,pazham | saree | pre-loved | kanjeevaram | trunk | silk,nava | pazham | pre-loved | kanjeevaram | saree | trunk,nava | pazham | one-of-a-kind | pre-loved | kanjeevaram | saree | authenticated | trunk | among | revered | motifs | shipped | provenance,nava | pazham,just | pre-loved | carefully | re-stored | pieces | similar | chapter | story | provenance | care | ownership | measurements | provenance | condition | textile | measurements | care | shipping | ownership | stretchfit | blouse | stretchfit | blouse | sleeveless | cerise | pink | stretchfit | blouse | sleeveless | marigold | orange | stretchfit,checkout (9) | shipping (9) | all (8) | use (8) | 100 (7) | 25 (7) | code (7) | coming (7) | customers (7) | first25 (7) | free (7) | get (7) | grab (7) | now (7) | occasional (7) | off (7) | orders (7) | sarees (7) | soon (7) | first (6),onlinestore | contactpoint | website | organization | product | brand | propertyvalue | propertyvalue | propertyvalue | offer | organization | breadcrumblist | listitem | listitem | listitem,kanjeevaram | saree,80,Primary apparent term is weakly reinforced in rendered body copy.
/collection/nila-blue-gold-zari-silk,silk,blue | nila | saree | gold | zari | pre-loved,nila | blue | gold | zari | silk | pre-loved | silk | saree | trunk,nila | blue | gold | zari | silk | one-of-a-kind | pre-loved | silk | saree | authenticated | trunk | blue | nila | carries | shipped | provenance,nila | blue | gold | zari | silk,just | pre-loved | carefully | re-stored | pieces | similar | chapter | story | provenance | care | ownership | measurements | provenance | condition | textile | measurements | care | shipping | ownership | coral | sunrise | chiffon | georgette | saree | indigo | plum | tied | silk | saree | forest | flame | tie | dye | silk | stretchfit | blouse,checkout (9) | shipping (9) | all (8) | use (8) | 100 (7) | 25 (7) | code (7) | coming (7) | customers (7) | first25 (7) | free (7) | get (7) | grab (7) | now (7) | occasional (7) | off (7) | orders (7) | sarees (7) | soon (7) | first (6),onlinestore | contactpoint | website | organization | product | brand | propertyvalue | propertyvalue | offer | organization | breadcrumblist | listitem | listitem | listitem,zari | silk | saree,80,Primary apparent term is weakly reinforced in rendered body copy.
/collection/colorful-vintage-kanjeevaram,kanjeevaram,vintage | colorful | pre-loved | saree | trunk | stretchfit,colorful | vintage | kanjeevaram | pre-loved | kanjeevaram | saree | trunk,colorful | vintage | kanjeevaram | one-of-a-kind | pre-loved | kanjeevaram | saree | authenticated | trunk | shipped | provenance,colorful | vintage | kanjeevaram,just | pre-loved | carefully | re-stored | pieces | similar | chapter | story | provenance | care | ownership | measurements | provenance | condition | textile | measurements | care | shipping | ownership | stretchfit | blouse | stretchfit | blouse | sleeveless | cerise | pink | stretchfit | blouse | sleeveless | marigold | orange | stretchfit,checkout (9) | shipping (9) | all (8) | use (8) | 100 (7) | 25 (7) | code (7) | coming (7) | customers (7) | first25 (7) | free (7) | get (7) | grab (7) | now (7) | occasional (7) | off (7) | orders (7) | sarees (7) | soon (7) | first (6),onlinestore | contactpoint | website | organization | product | brand | propertyvalue | propertyvalue | offer | organization | breadcrumblist | listitem | listitem | listitem,kanjeevaram | saree,80,Primary apparent term is weakly reinforced in rendered body copy.
/collection/gulabi-kota-cotton,cotton,kota | gulabi | pre-loved | saree | trunk | blouse,gulabi | kota | cotton | pre-loved | kota | cotton | saree | trunk,gulabi | kota | cotton | one-of-a-kind | pre-loved | kota | cotton | saree | authenticated | trunk | picture | gorgeous | shipped | provenance,gulabi | kota | cotton,just | pre-loved | carefully | re-stored | pieces | similar | chapter | story | provenance | care | ownership | measurements | provenance | condition | textile | measurements | care | shipping | ownership | stretchfit | blouse | stretchfit | blouse | sleeveless | cerise | pink | stretchfit | blouse | sleeveless | marigold | orange | stretchfit,checkout (9) | shipping (9) | all (8) | use (8) | 100 (7) | 25 (7) | code (7) | coming (7) | customers (7) | first25 (7) | free (7) | get (7) | grab (7) | now (7) | occasional (7) | off (7) | orders (7) | sarees (7) | soon (7) | first (6),onlinestore | contactpoint | website | organization | product | brand | propertyvalue | propertyvalue | offer | organization | breadcrumblist | listitem | listitem | listitem,cotton | saree,80,Primary apparent term is weakly reinforced in rendered body copy.
/collection/kempu-pachai-and-bandhani,kempu,pachai | saree | bandhani | pre-loved | silk | trunk,kempu | pachai | bandhani | pre-loved | silk | saree | trunk,kempu | pachai | bandhani | one-of-a-kind | pre-loved | silk | saree | authenticated | trunk | lexicon | indian | shipped | provenance,kempu | pachai | bandhani,just | pre-loved | carefully | re-stored | pieces | similar | chapter | story | provenance | care | ownership | measurements | provenance | condition | textile | measurements | care | shipping | ownership | coral | sunrise | chiffon | georgette | saree | indigo | plum | tied | silk | saree | forest | flame | tie | dye | silk | stretchfit | blouse,checkout (9) | shipping (9) | all (8) | use (8) | 100 (7) | 25 (7) | code (7) | coming (7) | customers (7) | first25 (7) | free (7) | get (7) | grab (7) | now (7) | occasional (7) | off (7) | orders (7) | sarees (7) | soon (7) | first (6),onlinestore | contactpoint | website | organization | product | brand | propertyvalue | propertyvalue | offer | organization | breadcrumblist | listitem | listitem | listitem,silk | saree,80,Primary apparent term is weakly reinforced in rendered body copy.
/collection/pachai-linen-golden-border-drape,linen,blend | saree | pachai | pre-loved | trunk | just,pachai | linen | blend | pre-loved | linen | blend | saree | trunk,pachai | linen | blend | one-of-a-kind | pre-loved | linen | blend | saree | authenticated | trunk | colours | don | ask | shipped | provenance,pachai | linen | blend,just | pre-loved | carefully | re-stored | pieces | similar | chapter | story | provenance | care | ownership | measurements | provenance | condition | textile | measurements | care | shipping | ownership | stretchfit | blouse | stretchfit | blouse | sleeveless | cerise | pink | stretchfit | blouse | sleeveless | marigold | orange | stretchfit,checkout (9) | shipping (9) | all (8) | use (8) | 100 (7) | 25 (7) | code (7) | coming (7) | customers (7) | first25 (7) | free (7) | get (7) | grab (7) | now (7) | occasional (7) | off (7) | orders (7) | sarees (7) | soon (7) | first (6),onlinestore | contactpoint | website | organization | product | brand | propertyvalue | propertyvalue | propertyvalue | offer | organization | breadcrumblist | listitem | listitem | listitem,linen | saree,80,Primary apparent term is weakly reinforced in rendered body copy.
/founders,team,trunk | founders | behind | authenticated | circular | house,team | trunk,meet | team | behind | trunk | circular | saree | house | authenticated | pre-loved | sarees | restored | indian | textiles,founders,minds | behind | trunk,sarees (9) | all (8) | use (8) | 100 (7) | 25 (7) | checkout (7) | code (7) | coming (7) | customers (7) | first25 (7) | free (7) | get (7) | grab (7) | now (7) | occasional (7) | off (7) | orders (7) | shipping (7) | soon (7) | first (6),onlinestore | contactpoint | website | organization,saree | sarees,60,Primary apparent term is weakly reinforced in rendered body copy.
/privacy-policy,policy,privacy | trunk | information | security | collects | personal,privacy | policy | trunk,trunk | collects | uses | protects | personal | information,privacy | policy,information | collect | use | information | consent | withdrawal | sharing | information | payment | security | cookies | similar | technologies | data | retention | rights | children | privacy | security | third-party | links | updates | policy | contact | grievance,information (17) | cookies (16) | use (14) | website (11) | shipping (10) | all (9) | analytics (9) | payment (9) | sarees (9) | customers (8) | data (8) | order (8) | orders (8) | personal (8) | 100 (7) | 25 (7) | address (7) | checkout (7) | code (7) | coming (7),onlinestore | contactpoint | website | organization,,80,Primary apparent term is weakly reinforced in rendered body copy.
/return-policy,return,returns | exchanges | trunk | policy | refund | eligible,returns | exchanges | trunk,trunk | returns | exchange | policy | pre-loved | sarees | covered | works,returns | exchanges,return | window | return | eligible | return | eligible | condition | returned | item | request | return | return | approval | pickup | quality | check | after | return | refund | timeline | shipping | charges | exchanges | store | credit | damaged | missing | package | final | decision,return (19) | all (10) | item (10) | shipping (10) | after (8) | orders (8) | use (8) | 100 (7) | 25 (7) | checkout (7) | code (7) | coming (7) | customers (7) | delivery (7) | first25 (7) | free (7) | get (7) | grab (7) | now (7) | occasional (7),onlinestore | contactpoint | website | organization,sarees,220,Primary apparent term is reinforced in rendered body copy.
/shipping-policy,delivery,shipping | trunk | timelines | coverage | expect | packs,shipping | delivery | trunk,trunk | packs | ships | pre-loved | saree | timelines | coverage | expect,shipping | delivery,processing | time | packaging | courier | partners | delivery | timelines | shipping | charges | tracking | delivery | attempts | international | shipping | lost | damaged | shipments | unboxing | recommendation,shipping (12) | all (9) | checkout (8) | use (8) | 100 (7) | 25 (7) | code (7) | coming (7) | customers (7) | first25 (7) | free (7) | get (7) | grab (7) | now (7) | occasional (7) | off (7) | orders (7) | sarees (7) | soon (7) | first (6),onlinestore | contactpoint | website | organization,saree,100,Primary apparent term is weakly reinforced in rendered body copy.
/terms-of-service,terms,conditions | trunk | apply | consign | policies | service,terms | conditions | trunk,terms | apply | shop | consign | trunk,terms | conditions,about | ftt | product | information | colour | photography | pricing | orders | payments | account | wishlist | cart | intellectual | property | prohibited | use | limitation | liability | governing | law,use (11) | all (10) | orders (9) | checkout (8) | code (8) | sarees (8) | 100 (7) | 25 (7) | coming (7) | customers (7) | first25 (7) | free (7) | get (7) | grab (7) | now (7) | occasional (7) | off (7) | order (7) | shipping (7) | soon (7),onlinestore | contactpoint | website | organization,,80,Primary apparent term is weakly reinforced in rendered body copy.
/collection/fabric/chiffon,chiffon,pre-loved | listitem | sarees | trunk | saree | movement,pre-loved | chiffon | sarees | trunk,find | light | flowing | pre-loved | chiffon | sarees | available | each | checked | story-logged | trunk,pre-loved | chiffon | sarees | soft | movement,questions | shoppers | ask | tangerine | noir | floral | border | weave | kesari | sunset | chiffon | saree | magenta | mist | chiffon | drape | mint | chiffon | garden | border | saree | pressed | bloom | sheer | chiffon | chiffon | suitable | occasion | wear,chiffon (10) | sarees (10) | all (8) | use (8) | 100 (7) | 25 (7) | checkout (7) | code (7) | coming (7) | customers (7) | first25 (7) | free (7) | get (7) | grab (7) | now (7) | occasional (7) | off (7) | orders (7) | shipping (7) | soon (7),onlinestore | contactpoint | website | organization | breadcrumblist | listitem | listitem | listitem | faqpage | question | answer | itemlist | listitem | listitem | listitem | listitem | listitem,chiffon | sarees,80,Primary apparent term is reinforced in rendered body copy.
/collection/fabric/georgette,georgette,pre-loved | sarees | listitem | trunk | fluid | collection,pre-loved | georgette | sarees | trunk,discover | pre-loved | georgette | sarees | trunk | fluid | fabric | available | collection,pre-loved | georgette | sarees | fluid | drape,questions | shoppers | ask | sunset | ombré | chiffon | draped | dream | midnight | garden | georgette | saree | rani | pink | georgette | midnight | gold | embroidered | georgette | page | always | georgette | sarees,sarees (10) | use (9) | all (8) | 100 (7) | 25 (7) | checkout (7) | code (7) | coming (7) | customers (7) | first25 (7) | free (7) | get (7) | grab (7) | now (7) | occasional (7) | off (7) | orders (7) | shipping (7) | soon (7) | first (6),onlinestore | contactpoint | website | organization | breadcrumblist | listitem | listitem | listitem | faqpage | question | answer | itemlist | listitem | listitem | listitem | listitem,georgette | sarees | fabric,80,Primary apparent term is weakly reinforced in rendered body copy.
/faq,answer,question | pre-loved | saree | faqs | trunk | sarees,pre-loved | saree | faqs | trunk,answers | authenticity | sizing | shipping | returns | consignment | pre-loved | sarees | trunk,pre-loved | saree | faqs,policies | glimpse | common | questions | answered | privacy | policy | return | refund | exchange | policy | shipping | delivery | policy | terms | service | authentication | condition | policy | care | packaging | policy | cancellation | policy | sell | us | policy | grievance | redressal | policy | trunk | pre-loved | saree | pre-loved | sarees | authentic | buy | authenticated | pre-loved | sarees | india | trunk | verify | sarees | difference | between | pre-loved | second-hand | sarees | vintage | sarees | sustainable | sell | old | saree | store | silk | saree | care | kanjeevaram | saree | happens | one-of-one | saree | reserved | sarees | really | pre-loved | offer | returns | ship | sarees | care | saree | payment | methods | accept,saree (24) | sarees (20) | pre-loved (16) | trunk (15) | all (12) | know (10) | piece (10) | use (10) | before (9) | orders (9) | shipping (9) | 100 (7) | 25 (7) | care (7) | checkout (7) | code (7) | coming (7) | customers (7) | every (7) | first25 (7),onlinestore | contactpoint | website | organization | faqpage | question | answer | question | answer | question | answer | question | answer | question | answer | question | answer | question | answer | question | answer | question | answer | question | answer | question | answer | question | answer | question | answer | question | answer | question | answer | question | answer,saree | sarees,60,Primary apparent term is weakly reinforced in rendered body copy.
/about,story,sarees | provenance | trunk | pre-loved | saree | authenticate,story | sarees | provenance | trunk,authenticate | every | saree | pass | story | meet | trunk | home | pre-loved | luxury | sarees | still | story | tell,story | pre-loved | sarees | provenance,elegance | given | second | life,use (9) | all (8) | sarees (8) | 100 (7) | 25 (7) | checkout (7) | code (7) | coming (7) | customers (7) | first25 (7) | free (7) | get (7) | grab (7) | now (7) | occasional (7) | off (7) | orders (7) | shipping (7) | soon (7) | first (6),onlinestore | contactpoint | website | organization,sarees | saree,80,Primary apparent term is weakly reinforced in rendered body copy.
/stories,story,sarees | provenance | trunk | pre-loved | saree | authenticate,story | sarees | provenance | trunk,authenticate | every | saree | pass | story | meet | trunk | home | pre-loved | luxury | sarees | still | story | tell,story | pre-loved | sarees | provenance,elegance | given | second | life,use (9) | all (8) | sarees (8) | 100 (7) | 25 (7) | checkout (7) | code (7) | coming (7) | customers (7) | first25 (7) | free (7) | get (7) | grab (7) | now (7) | occasional (7) | off (7) | orders (7) | shipping (7) | soon (7) | first (6),onlinestore | contactpoint | website | organization,sarees | saree,80,Primary apparent term is weakly reinforced in rendered body copy.
/admin,trunk,sarees | admin | authenticated | curated | designer | drapes,trunk,shop | curated | pre-loved | sarees | heirloom | silk | sarees | designer | drapes | restored | indian | textiles | authenticated | trunk,,,all (8) | use (8) | 100 (7) | 25 (7) | checkout (7) | code (7) | coming (7) | customers (7) | first25 (7) | free (7) | get (7) | grab (7) | now (7) | occasional (7) | off (7) | orders (7) | sarees (7) | shipping (7) | soon (7) | first (6),onlinestore | contactpoint | website | organization,sarees | silk | drapes,60,Primary apparent term is weakly reinforced in rendered body copy.
/collection/rose-vine-stripe-chiffon-saree,saree,chiffon | rose | stripe | vine | trunk | pre-loved,rose | vine | stripe | chiffon | saree | trunk,rose | vine | stripe | chiffon | saree | one-of-a-kind | pre-loved | chiffon | saree | authenticated | trunk | shipped | provenance,rose | vine | stripe | chiffon | saree,just | pre-loved | carefully | re-stored | pieces | similar | chapter | story | provenance | care | ownership | measurements | provenance | condition | textile | measurements | care | shipping | ownership | tangerine | noir | floral | border | weave | stretchfit | blouse | stretchfit | blouse | sleeveless | cerise | pink | stretchfit | blouse,shipping (9) | all (8) | checkout (8) | use (8) | 100 (7) | 25 (7) | code (7) | coming (7) | customers (7) | first25 (7) | free (7) | get (7) | grab (7) | now (7) | occasional (7) | off (7) | orders (7) | sarees (7) | soon (7) | first (6),onlinestore | contactpoint | website | organization | product | brand | propertyvalue | propertyvalue | offer | organization | breadcrumblist | listitem | listitem | listitem,chiffon | saree,80,Primary apparent term is weakly reinforced in rendered body copy.
/collection/coral-sunrise-chiffon-georgette-saree,saree,chiffon | georgette | sunrise | coral | pre-loved | silk,coral | sunrise | chiffon | georgette | saree | pre-loved | silk | saree | trunk,coral | sunrise | chiffon | georgette | saree | one-of-a-kind | pre-loved | silk | saree | authenticated | trunk | shipped | provenance,coral | sunrise | chiffon | georgette | saree,just | pre-loved | carefully | re-stored | pieces | similar | chapter | story | provenance | care | ownership | measurements | provenance | condition | textile | measurements | care | shipping | ownership | indigo | plum | tied | silk | saree | forest | flame | tie | dye | silk | stretchfit | blouse | stretchfit | blouse,shipping (9) | all (8) | checkout (8) | use (8) | 100 (7) | 25 (7) | code (7) | coming (7) | customers (7) | first25 (7) | free (7) | get (7) | grab (7) | now (7) | occasional (7) | off (7) | orders (7) | sarees (7) | soon (7) | first (6),onlinestore | contactpoint | website | organization | product | brand | propertyvalue | propertyvalue | offer | organization | breadcrumblist | listitem | listitem | listitem,chiffon | georgette | saree | silk,80,Primary apparent term is weakly reinforced in rendered body copy.
