URL,H1 count,H1 text,H1 source file if traceable,H2 count,H2 list,H3 count,H3 list,Multiple H1 issue,Missing H1 issue,Mismatch with PDF/SOT if applicable,Recommended fix
/,1,Authenticated Pre-Loved Luxury Sarees,app/(site)/page.tsx,6,"From the Trunk: every saree still has a story left to tell. | Choose by feel, drape, and occasion. | Seen in the Trunk. | New arrivals From The Trunk. | Worn again, remembered forever. | Looking for a saree with a story?",14,"Authenticated with provenance | Before the drape returns to the wardrobe. | One saree, many ways to carry presence. | The detail that makes a piece remembered. | A quiet statement from the trunk. | Pressed, checked, folded, and ready. | A restored saree finding its next story. | Magenta Mist Chiffon Drape | Mint Chiffon Garden Border Saree | Rani Pink Georgette | Midnight Gold Embroidered Georgette | StretchFit Blouse | StretchFit Blouse | What brings you to From the Trunk?",no,no,,No H1 correction identified.
/collection,1,Pre-Loved& Vintage Luxury Sarees,app/(site)/collection/page.tsx,2,Filters | All pieces,12,"Tangerine Noir Floral Border Weave | Sunset Ombré Chiffon Draped Dream | Indigo & Plum Tied Silk Saree | Every saree, fully vouched for. | Forest & Flame Tie Dye Silk | Every saree, fully vouched for. | Moonstone Cream Mauve Border Saree | Marigold & Moss cotton | Midnight Garden Georgette Saree | Green Garden Silk Burgundy Zari Edge | Pink Katan temple border | Forest green silk black gold",no,no,Collection,No H1 correction identified.
/top-viewed,1,Most-Loved Pre-Loved Sarees,app/(site)/top-viewed/page.tsx,0,,7,StretchFit Blouse | StretchFit Blouse | Tangerine Noir Floral Border Weave | Kempu Pachai & Bandhani | Sleeveless Cerise Pink StretchFit Blouse | Indigo & Plum Tied Silk Saree | Red Blue Madras Check Cotton,no,no,,No H1 correction identified.
/our-story,1,Our Story — Pre-Loved Sarees With Provenance,app/(site)/our-story/page.tsx,1,"Elegance, given a second life.",0,,no,no,,No H1 correction identified.
/our-team,1,Our Founders,app/(site)/our-team/page.tsx,1,The minds behind the trunk.,0,,no,no,,No H1 correction identified.
/faqs,1,Pre-Loved Saree FAQs,app/(site)/faqs/page.tsx,2,"Our policies, in a glimpse | Common questions, answered",25,"Privacy Policy | Return, Refund & Exchange Policy | Shipping & Delivery Policy | Terms of Service | Authentication & Condition Policy | Care & Packaging Policy | Cancellation Policy | Sell With Us Policy | Grievance Redressal Policy | What is From the Trunk? | What is a pre-loved saree? | Are pre-loved sarees authentic? | Where can I buy authenticated pre-loved sarees in India? | How does From the Trunk verify sarees? | What is the difference between pre-loved and second-hand sarees? | Are vintage sarees sustainable? | How do I sell my old saree? | How do I store a silk saree? | How do I care for a Kanjeevaram saree? | What happens if a one-of-one saree is reserved? | Are the sarees really pre-loved? | Do you offer returns? | How do you ship the sarees? | How do I care for my saree? | What payment methods do you accept?",no,no,,No H1 correction identified.
/contact,1,Contact From The Trunk,app/(site)/contact/page.tsx,0,,1,What brings you to From the Trunk?,no,no,,No H1 correction identified.
/how-it-works,1,HowFromTheTrunkWorks—Buying&Authentication,app/(site)/how-it-works/page.tsx,3,From trunk to wardrobe | Nothing is rushed. Nothing is treated like inventory. | A saree does not lose its past. It simply finds a new home.,8,Authenticated | Condition graded | Re-stored | Sourcing | Quality Control | Eco-Restoration | Sustainable Packaging | Doorstep Magic,no,no,How It Works,No H1 correction identified.
/authentication,1,How We Authenticate Every Pre-Loved Saree,app/(site)/authentication/page.tsx,5,"The fibre & weave check | Reading the zari | Condition, graded honestly | Provenance & the story we can tell | What authentication means for you",0,,no,no,,No H1 correction identified.
/policies,1,"The small print, written with care.",app/(site)/policies/page.tsx,9,"Privacy Policy | Return, Refund & Exchange Policy | Shipping & Delivery Policy | Terms of Service | Authentication & Condition Policy | Care & Packaging Policy | Cancellation Policy | Sell With Us Policy | Grievance Redressal Policy",0,,no,no,,No H1 correction identified.
/why,1,A saree is never just fabric.,app/(site)/why/page.tsx,5,Memory | Craft | Circular | Each piece arrives with a past. We help it carry forward. | To buy pre-loved is to choose beauty with memory.,5,"Not pre-owned, re-stored. | One-of-one | Authenticated | Care packed | Conscious",no,no,,No H1 correction identified.
/sell-your-saree,1,Sell or consign sarees with a second story,app/(site)/sell-your-saree/page.tsx,5,"A careful, respectful way to pass your saree into its next chapter. | A clear path, handled with care. | From your trunk to ours | Explore the next part of the trunk. | Everything you may want to ask first.",9,Authenticated | Condition noted | Story-led | Share the piece | We review with care | It is prepared | How do I sell my old saree? | What sarees can I submit? | Do you buy every old saree?,no,no,,No H1 correction identified.
/packing,1,Our Packaging,app/(site)/packing/page.tsx,5,Prepared With Care | What Comes in the Box | Before Dispatch | Receiving Your Saree | Related Support,0,,no,no,,No H1 correction identified.
/policies/privacy-policy,1,Privacy Policy,app/(site)/policies/[slug]/page.tsx,13,Information we collect | How we use your information | Consent and withdrawal | Sharing of information | Payment security | Cookies and similar technologies | Data retention | Your rights | Children's privacy | Security | Third-party links | Updates to this policy | Contact and grievance,0,,no,no,,No H1 correction identified.
/policies/return-refund-policy,1,Returns & Exchanges,app/(site)/policies/[slug]/page.tsx,12,Return window | When a return is eligible | When a return is not eligible | Condition of returned item | How to request a return | Return approval and pickup | Quality check after return | Refund timeline | Shipping charges | Exchanges and store credit | Damaged or missing package | Final decision,0,,no,no,,No H1 correction identified.
/policies/shipping-delivery-policy,1,Shipping & Delivery,app/(site)/policies/[slug]/page.tsx,10,Processing time | Packaging | Courier partners | Delivery timelines | Shipping charges | Tracking | Delivery attempts | International shipping | Lost or damaged shipments | Unboxing recommendation,0,,no,no,,No H1 correction identified.
/policies/terms-of-service,1,Terms & Conditions,app/(site)/policies/[slug]/page.tsx,9,"About FTT | Product information | Colour and photography | Pricing | Orders and payments | Account, wishlist, and cart | Intellectual property and prohibited use | Limitation of liability | Governing law",0,,no,no,,No H1 correction identified.
/policies/authentication-condition-policy,1,Authentication & Condition Policy,app/(site)/policies/[slug]/page.tsx,6,Authentication | Condition check | Condition grades | Pre-loved character | Final check before dispatch | Authenticity guarantee,0,,no,no,,No H1 correction identified.
/policies/care-packaging-policy,1,Care & Packaging Policy,app/(site)/policies/[slug]/page.tsx,6,General care | Storage | Zari and delicate fabrics | Wearing care | Packaging | Damage after delivery,0,,no,no,,No H1 correction identified.
/policies/cancellation-policy,1,Cancellation Policy,app/(site)/policies/[slug]/page.tsx,5,Cancellation before dispatch | Cancellation after dispatch | Unique product hold | Cancellation by FTT | Cancellation charges,0,,no,no,,No H1 correction identified.
/policies/sell-with-us-policy,1,Sell With Us Policy,app/(site)/policies/[slug]/page.tsx,8,What you can submit | How to submit | Review process | Ownership confirmation | Pricing and commission | Rejection or return | Story and photography rights | Contact,0,,no,no,,No H1 correction identified.
/policies/grievance-redressal,1,Grievance Redressal Policy,app/(site)/policies/[slug]/page.tsx,6,Customer support | Grievance Officer | Complaint acknowledgement | Resolution timeline | What to include | Escalation,0,,no,no,,No H1 correction identified.
/collection/fabric/silk,1,"Pre-loved silk sarees, authenticated and re-stored",app/(site)/collection/fabric/[fabric]/page.tsx,1,Questions shoppers ask,12,Indigo & Plum Tied Silk Saree | Green Garden Silk Burgundy Zari Edge | Teal moody silk saree | Rose silk | Red Blue Madras Check Cotton | Midnight Kesari Cotton Drape | Brown and Mustard light Silk | Soft Girl Selai Green | Nila Blue Gold Zari Silk | Kempu Pachai & Bandhani | Are these silk sarees new? | How should I care for a pre-loved silk saree?,no,no,,No H1 correction identified.
/blouses,1,Pre-Loved & Designer Saree Blouses,app/(site)/blouses/page.tsx,1,Questions shoppers ask,6,StretchFit Blouse | StretchFit Blouse | Sleeveless Cerise Pink StretchFit Blouse | Sleeveless Marigold Orange StretchFit | Sleeveless Black StretchFit | How often are new blouses added?,no,no,,No H1 correction identified.
/guides/what-is-a-pre-loved-saree,1,What is a pre-loved saree?,app/(site)/guides/[slug]/page.tsx,5,"A quiet guide for choosing, caring for, and understanding pre-loved sarees. | A clear path, handled with care. | Read with confidence | Explore the next part of the trunk. | Everything you may want to ask first.",8,Authenticated | Condition noted | Story-led | Understand the piece | Trust the process | Choose consciously | Is pre-loved the same as damaged? | Why buy a pre-loved saree?,no,no,,No H1 correction identified.
/guides/pre-loved-vs-second-hand-saree,1,Pre-loved vs second-hand sarees,app/(site)/guides/[slug]/page.tsx,5,"A quiet guide for choosing, caring for, and understanding pre-loved sarees. | A clear path, handled with care. | Read with confidence | Explore the next part of the trunk. | Everything you may want to ask first.",8,Authenticated | Condition noted | Story-led | Understand the piece | Trust the process | Choose consciously | Is pre-loved more expensive than second-hand? | Should I search for pre-loved or second-hand sarees?,no,no,,No H1 correction identified.
/collection/tangerine-noir-floral-border-weave,1,Tangerine Noir Floral Border Weave,app/(site)/collection/[slug]/page.tsx,2,Not just pre-loved. Carefully re-stored. | Pieces from a similar chapter.,13,Story and provenance | Care and ownership | Measurements | Provenance | Condition | Textile | Measurements | Care | Shipping and ownership | Rose Vine Stripe Chiffon Saree | StretchFit Blouse | StretchFit Blouse | Sleeveless Cerise Pink StretchFit Blouse,no,no,,No H1 correction identified.
/collection/sunset-ombr-chiffon-draped-dream,1,Sunset Ombré Chiffon Draped Dream,app/(site)/collection/[slug]/page.tsx,2,Not just pre-loved. Carefully re-stored. | Pieces from a similar chapter.,13,Story and provenance | Care and ownership | Measurements | Provenance | Condition | Textile | Measurements | Care | Shipping and ownership | StretchFit Blouse | StretchFit Blouse | Sleeveless Cerise Pink StretchFit Blouse | Sleeveless Marigold Orange StretchFit,no,no,,No H1 correction identified.
/collection/indigo-plum-tied-silk-saree,1,Indigo & Plum Tied Silk Saree,app/(site)/collection/[slug]/page.tsx,2,Not just pre-loved. Carefully re-stored. | Pieces from a similar chapter.,13,Story and provenance | Care and ownership | Measurements | Provenance | Condition | Textile | Measurements | Care | Shipping and ownership | Coral Sunrise Chiffon Georgette Saree | Forest & Flame Tie Dye Silk | StretchFit Blouse | StretchFit Blouse,no,no,,No H1 correction identified.
/collection/forest-flame-tie-dye-silk,1,Forest & Flame Tie Dye Silk,app/(site)/collection/[slug]/page.tsx,2,Not just pre-loved. Carefully re-stored. | Pieces from a similar chapter.,13,Story and provenance | Care and ownership | Measurements | Provenance | Condition | Textile | Measurements | Care | Shipping and ownership | Coral Sunrise Chiffon Georgette Saree | Indigo & Plum Tied Silk Saree | StretchFit Blouse | StretchFit Blouse,no,no,,No H1 correction identified.
/collection/moonstone-cream-mauve-border-saree,1,Moonstone Cream Mauve Border Saree,app/(site)/collection/[slug]/page.tsx,2,Not just pre-loved. Carefully re-stored. | Pieces from a similar chapter.,13,Story and provenance | Care and ownership | Measurements | Provenance | Condition | Textile | Measurements | Care | Shipping and ownership | StretchFit Blouse | StretchFit Blouse | Sleeveless Cerise Pink StretchFit Blouse | Sleeveless Marigold Orange StretchFit,no,no,,No H1 correction identified.
/collection/marigold-moss-cotton,1,Marigold & Moss cotton,app/(site)/collection/[slug]/page.tsx,2,Not just pre-loved. Carefully re-stored. | Pieces from a similar chapter.,13,Story and provenance | Care and ownership | Measurements | Provenance | Condition | Textile | Measurements | Care | Shipping and ownership | StretchFit Blouse | Sleeveless Cerise Pink StretchFit Blouse | Sleeveless Black StretchFit | StretchFit Blouse,no,no,,No H1 correction identified.
/collection/midnight-garden-georgette-saree,1,Midnight Garden Georgette Saree,app/(site)/collection/[slug]/page.tsx,2,Not just pre-loved. Carefully re-stored. | Pieces from a similar chapter.,13,Story and provenance | Care and ownership | Measurements | Provenance | Condition | Textile | Measurements | Care | Shipping and ownership | Sunset Ombré Chiffon Draped Dream | StretchFit Blouse | StretchFit Blouse | Sleeveless Cerise Pink StretchFit Blouse,no,no,,No H1 correction identified.
/collection/verdant-bloom-silk-burgundy-gold-border,1,Green Garden Silk Burgundy Zari Edge,app/(site)/collection/[slug]/page.tsx,2,Not just pre-loved. Carefully re-stored. | Pieces from a similar chapter.,13,Story and provenance | Care and ownership | Measurements | Provenance | Condition | Textile | Measurements | Care | Shipping and ownership | Coral Sunrise Chiffon Georgette Saree | Indigo & Plum Tied Silk Saree | Forest & Flame Tie Dye Silk | StretchFit Blouse,no,no,,No H1 correction identified.
/collection/pink-katan-triangle-zari-edge,1,Pink Katan temple border,app/(site)/collection/[slug]/page.tsx,2,Not just pre-loved. Carefully re-stored. | Pieces from a similar chapter.,13,Story and provenance | Care and ownership | Measurements | Provenance | Condition | Textile | Measurements | Care | Shipping and ownership | Coral Sunrise Chiffon Georgette Saree | Indigo & Plum Tied Silk Saree | Forest & Flame Tie Dye Silk | StretchFit Blouse,no,no,,No H1 correction identified.
/collection/forest-green-silk-black-gold,1,Forest green silk black gold,app/(site)/collection/[slug]/page.tsx,2,Not just pre-loved. Carefully re-stored. | Pieces from a similar chapter.,13,Story and provenance | Care and ownership | Measurements | Provenance | Condition | Textile | Measurements | Care | Shipping and ownership | Coral Sunrise Chiffon Georgette Saree | Indigo & Plum Tied Silk Saree | Forest & Flame Tie Dye Silk | StretchFit Blouse,no,no,,No H1 correction identified.
/collection/teal-blue-moody-silk-drape,1,Teal moody silk saree,app/(site)/collection/[slug]/page.tsx,2,Not just pre-loved. Carefully re-stored. | Pieces from a similar chapter.,13,Story and provenance | Care and ownership | Measurements | Provenance | Condition | Textile | Measurements | Care | Shipping and ownership | Coral Sunrise Chiffon Georgette Saree | Indigo & Plum Tied Silk Saree | Forest & Flame Tie Dye Silk | StretchFit Blouse,no,no,,No H1 correction identified.
/collection/rose-silk-green-brown-stripe,1,Rose silk,app/(site)/collection/[slug]/page.tsx,2,Not just pre-loved. Carefully re-stored. | Pieces from a similar chapter.,13,Story and provenance | Care and ownership | Measurements | Provenance | Condition | Textile | Measurements | Care | Shipping and ownership | Coral Sunrise Chiffon Georgette Saree | Indigo & Plum Tied Silk Saree | Forest & Flame Tie Dye Silk | StretchFit Blouse,no,no,,No H1 correction identified.
/collection/mustard-organza-brown-border-drape,1,Harvest gold,app/(site)/collection/[slug]/page.tsx,2,Not just pre-loved. Carefully re-stored. | Pieces from a similar chapter.,13,Story and provenance | Care and ownership | Measurements | Provenance | Condition | Textile | Measurements | Care | Shipping and ownership | Moonstone Cream Mauve Border Saree | StretchFit Blouse | StretchFit Blouse | Sleeveless Cerise Pink StretchFit Blouse,no,no,,No H1 correction identified.
/collection/charcoal-gold-organza-heirloom-drape,1,Charcoal gold organza heirloom drape,app/(site)/collection/[slug]/page.tsx,2,Not just pre-loved. Carefully re-stored. | Pieces from a similar chapter.,13,Story and provenance | Care and ownership | Measurements | Provenance | Condition | Textile | Measurements | Care | Shipping and ownership | Moonstone Cream Mauve Border Saree | StretchFit Blouse | StretchFit Blouse | Sleeveless Cerise Pink StretchFit Blouse,no,no,,No H1 correction identified.
/collection/beige-organza-peach-bloom,1,Beige Organza Peach Bloom Print,app/(site)/collection/[slug]/page.tsx,2,Not just pre-loved. Carefully re-stored. | Pieces from a similar chapter.,13,Story and provenance | Care and ownership | Measurements | Provenance | Condition | Textile | Measurements | Care | Shipping and ownership | Moonstone Cream Mauve Border Saree | StretchFit Blouse | StretchFit Blouse | Sleeveless Cerise Pink StretchFit Blouse,no,no,,No H1 correction identified.
/collection/maroon-chettinad-cotton,1,Maroon chettinad cotton,app/(site)/collection/[slug]/page.tsx,2,Not just pre-loved. Carefully re-stored. | Pieces from a similar chapter.,13,Story and provenance | Care and ownership | Measurements | Provenance | Condition | Textile | Measurements | Care | Shipping and ownership | StretchFit Blouse | Sleeveless Cerise Pink StretchFit Blouse | Sleeveless Black StretchFit | StretchFit Blouse,no,no,,No H1 correction identified.
/collection/deep-wine-organza,1,Deep wine organza,app/(site)/collection/[slug]/page.tsx,2,Not just pre-loved. Carefully re-stored. | Pieces from a similar chapter.,13,Story and provenance | Care and ownership | Measurements | Provenance | Condition | Textile | Measurements | Care | Shipping and ownership | Moonstone Cream Mauve Border Saree | StretchFit Blouse | StretchFit Blouse | Sleeveless Cerise Pink StretchFit Blouse,no,no,,No H1 correction identified.
/collection/indigo-dusk-silk-cotton,1,Indigo Dusk,app/(site)/collection/[slug]/page.tsx,2,Not just pre-loved. Carefully re-stored. | Pieces from a similar chapter.,13,Story and provenance | Care and ownership | Measurements | Provenance | Condition | Textile | Measurements | Care | Shipping and ownership | StretchFit Blouse | Sleeveless Cerise Pink StretchFit Blouse | Sleeveless Black StretchFit | StretchFit Blouse,no,no,,No H1 correction identified.
/collection/reddish-mango-cotton-orange-border,1,Reddish mango,app/(site)/collection/[slug]/page.tsx,2,Not just pre-loved. Carefully re-stored. | Pieces from a similar chapter.,13,Story and provenance | Care and ownership | Measurements | Provenance | Condition | Textile | Measurements | Care | Shipping and ownership | StretchFit Blouse | Sleeveless Cerise Pink StretchFit Blouse | Sleeveless Black StretchFit | StretchFit Blouse,no,no,,No H1 correction identified.
/collection/magenta-cotton,1,Magenta Cotton Gold Zari Border,app/(site)/collection/[slug]/page.tsx,2,Not just pre-loved. Carefully re-stored. | Pieces from a similar chapter.,13,Story and provenance | Care and ownership | Measurements | Provenance | Condition | Textile | Measurements | Care | Shipping and ownership | StretchFit Blouse | Sleeveless Cerise Pink StretchFit Blouse | Sleeveless Black StretchFit | StretchFit Blouse,no,no,,No H1 correction identified.
/collection/red-blue-madras-check-cotton,1,Red Blue Madras Check Cotton,app/(site)/collection/[slug]/page.tsx,2,Not just pre-loved. Carefully re-stored. | Pieces from a similar chapter.,13,Story and provenance | Care and ownership | Measurements | Provenance | Condition | Textile | Measurements | Care | Shipping and ownership | StretchFit Blouse | StretchFit Blouse | Sleeveless Cerise Pink StretchFit Blouse | Sleeveless Marigold Orange StretchFit,no,no,,No H1 correction identified.
/collection/twilight-orange-cotton-weave,1,Twilight Orange Cotton Weave,app/(site)/collection/[slug]/page.tsx,2,Not just pre-loved. Carefully re-stored. | Pieces from a similar chapter.,13,Story and provenance | Care and ownership | Measurements | Provenance | Condition | Textile | Measurements | Care | Shipping and ownership | StretchFit Blouse | Sleeveless Cerise Pink StretchFit Blouse | Sleeveless Black StretchFit | StretchFit Blouse,no,no,,No H1 correction identified.
/collection/lime-and-gold-cotton-classic,1,Lime and Gold Cotton Classic,app/(site)/collection/[slug]/page.tsx,2,Not just pre-loved. Carefully re-stored. | Pieces from a similar chapter.,13,Story and provenance | Care and ownership | Measurements | Provenance | Condition | Textile | Measurements | Care | Shipping and ownership | StretchFit Blouse | Sleeveless Cerise Pink StretchFit Blouse | Sleeveless Black StretchFit | StretchFit Blouse,no,no,,No H1 correction identified.
/collection/midnight-tribe-gold-border-cotton,1,Midnight Tribe Gold Border Cotton,app/(site)/collection/[slug]/page.tsx,2,Not just pre-loved. Carefully re-stored. | Pieces from a similar chapter.,13,Story and provenance | Care and ownership | Measurements | Provenance | Condition | Textile | Measurements | Care | Shipping and ownership | StretchFit Blouse | Sleeveless Cerise Pink StretchFit Blouse | Sleeveless Black StretchFit | StretchFit Blouse,no,no,,No H1 correction identified.
/collection/autumn-ember-golden-leaf-cotton,1,Autumn Ember Golden Leaf Cotton,app/(site)/collection/[slug]/page.tsx,2,Not just pre-loved. Carefully re-stored. | Pieces from a similar chapter.,13,Story and provenance | Care and ownership | Measurements | Provenance | Condition | Textile | Measurements | Care | Shipping and ownership | StretchFit Blouse | Sleeveless Cerise Pink StretchFit Blouse | Sleeveless Black StretchFit | StretchFit Blouse,no,no,,No H1 correction identified.
/collection/orange-blossom-cotton-weave,1,Orange Blossom Cotton Weave,app/(site)/collection/[slug]/page.tsx,2,Not just pre-loved. Carefully re-stored. | Pieces from a similar chapter.,13,Story and provenance | Care and ownership | Measurements | Provenance | Condition | Textile | Measurements | Care | Shipping and ownership | StretchFit Blouse | Sleeveless Cerise Pink StretchFit Blouse | Sleeveless Black StretchFit | StretchFit Blouse,no,no,,No H1 correction identified.
/collection/midnight-kesari-cotton-drape,1,Midnight Kesari Cotton Drape,app/(site)/collection/[slug]/page.tsx,2,Not just pre-loved. Carefully re-stored. | Pieces from a similar chapter.,13,Story and provenance | Care and ownership | Measurements | Provenance | Condition | Textile | Measurements | Care | Shipping and ownership | Coral Sunrise Chiffon Georgette Saree | Indigo & Plum Tied Silk Saree | Forest & Flame Tie Dye Silk | StretchFit Blouse,no,no,,No H1 correction identified.
/collection/blush-green-handwoven-cotton-drape,1,Blush green,app/(site)/collection/[slug]/page.tsx,2,Not just pre-loved. Carefully re-stored. | Pieces from a similar chapter.,13,Story and provenance | Care and ownership | Measurements | Provenance | Condition | Textile | Measurements | Care | Shipping and ownership | StretchFit Blouse | Sleeveless Cerise Pink StretchFit Blouse | Sleeveless Black StretchFit | StretchFit Blouse,no,no,,No H1 correction identified.
/collection/brown-kapi-cotton-black-line-border,1,Brown Kapi Cotton,app/(site)/collection/[slug]/page.tsx,2,Not just pre-loved. Carefully re-stored. | Pieces from a similar chapter.,13,Story and provenance | Care and ownership | Measurements | Provenance | Condition | Textile | Measurements | Care | Shipping and ownership | StretchFit Blouse | Sleeveless Cerise Pink StretchFit Blouse | Sleeveless Black StretchFit | StretchFit Blouse,no,no,,No H1 correction identified.
/collection/brown-and-mustard-light-silk,1,Brown and Mustard light Silk,app/(site)/collection/[slug]/page.tsx,2,Not just pre-loved. Carefully re-stored. | Pieces from a similar chapter.,13,Story and provenance | Care and ownership | Measurements | Provenance | Condition | Textile | Measurements | Care | Shipping and ownership | Coral Sunrise Chiffon Georgette Saree | Indigo & Plum Tied Silk Saree | Forest & Flame Tie Dye Silk | StretchFit Blouse,no,no,,No H1 correction identified.
/collection/kesari-sunset-chiffon-saree,1,Kesari Sunset Chiffon Saree,app/(site)/collection/[slug]/page.tsx,2,Not just pre-loved. Carefully re-stored. | Pieces from a similar chapter.,13,Story and provenance | Care and ownership | Measurements | Provenance | Condition | Textile | Measurements | Care | Shipping and ownership | Tangerine Noir Floral Border Weave | Rose Vine Stripe Chiffon Saree | StretchFit Blouse | StretchFit Blouse,no,no,,No H1 correction identified.
/collection/magenta-mist-chiffon-drape,1,Magenta Mist Chiffon Drape,app/(site)/collection/[slug]/page.tsx,2,Not just pre-loved. Carefully re-stored. | Pieces from a similar chapter.,13,Story and provenance | Care and ownership | Measurements | Provenance | Condition | Textile | Measurements | Care | Shipping and ownership | Tangerine Noir Floral Border Weave | Rose Vine Stripe Chiffon Saree | StretchFit Blouse | StretchFit Blouse,no,no,Product template,No H1 correction identified.
/collection/green-chiffon-with-fancy-border,1,Mint Chiffon Garden Border Saree,app/(site)/collection/[slug]/page.tsx,2,Not just pre-loved. Carefully re-stored. | Pieces from a similar chapter.,13,Story and provenance | Care and ownership | Measurements | Provenance | Condition | Textile | Measurements | Care | Shipping and ownership | Tangerine Noir Floral Border Weave | Rose Vine Stripe Chiffon Saree | StretchFit Blouse | StretchFit Blouse,no,no,,No H1 correction identified.
/collection/rani-pink-georgette-garden-party,1,Rani Pink Georgette,app/(site)/collection/[slug]/page.tsx,2,Not just pre-loved. Carefully re-stored. | Pieces from a similar chapter.,13,Story and provenance | Care and ownership | Measurements | Provenance | Condition | Textile | Measurements | Care | Shipping and ownership | Sunset Ombré Chiffon Draped Dream | StretchFit Blouse | StretchFit Blouse | Sleeveless Cerise Pink StretchFit Blouse,no,no,,No H1 correction identified.
/collection/midnight-zari-georgette,1,Midnight Gold Embroidered Georgette,app/(site)/collection/[slug]/page.tsx,2,Not just pre-loved. Carefully re-stored. | Pieces from a similar chapter.,13,Story and provenance | Care and ownership | Measurements | Provenance | Condition | Textile | Measurements | Care | Shipping and ownership | Sunset Ombré Chiffon Draped Dream | StretchFit Blouse | StretchFit Blouse | Sleeveless Cerise Pink StretchFit Blouse,no,no,,No H1 correction identified.
/collection/pressed-bloom-sheer-chiffon,1,Pressed Bloom Sheer Chiffon,app/(site)/collection/[slug]/page.tsx,2,Not just pre-loved. Carefully re-stored. | Pieces from a similar chapter.,13,Story and provenance | Care and ownership | Measurements | Provenance | Condition | Textile | Measurements | Care | Shipping and ownership | Tangerine Noir Floral Border Weave | Rose Vine Stripe Chiffon Saree | StretchFit Blouse | StretchFit Blouse,no,no,,No H1 correction identified.
/collection/mayil-peacock-kanjivaram-mix,1,MAYIL,app/(site)/collection/[slug]/page.tsx,2,Not just pre-loved. Carefully re-stored. | Pieces from a similar chapter.,13,Story and provenance | Care and ownership | Measurements | Provenance | Condition | Textile | Measurements | Care | Shipping and ownership | StretchFit Blouse | StretchFit Blouse | Sleeveless Cerise Pink StretchFit Blouse | Sleeveless Marigold Orange StretchFit,no,no,,No H1 correction identified.
/collection/burnt-orange-temple-border-kanjivaram,1,Kanchipuram Burnt Orange Heirloom Silk,app/(site)/collection/[slug]/page.tsx,2,Not just pre-loved. Carefully re-stored. | Pieces from a similar chapter.,13,Story and provenance | Care and ownership | Measurements | Provenance | Condition | Textile | Measurements | Care | Shipping and ownership | StretchFit Blouse | StretchFit Blouse | Sleeveless Cerise Pink StretchFit Blouse | Sleeveless Marigold Orange StretchFit,no,no,,No H1 correction identified.
/collection/semmanjal-turmeric-gold-kanjeevaram,1,Semmanjal kanjivaram,app/(site)/collection/[slug]/page.tsx,2,Not just pre-loved. Carefully re-stored. | Pieces from a similar chapter.,13,Story and provenance | Care and ownership | Measurements | Provenance | Condition | Textile | Measurements | Care | Shipping and ownership | StretchFit Blouse | StretchFit Blouse | Sleeveless Cerise Pink StretchFit Blouse | Sleeveless Marigold Orange StretchFit,no,no,,No H1 correction identified.
/collection/thangam-golden-weave-kanjivaram,1,Thangam Golden Weave Kanjivaram,app/(site)/collection/[slug]/page.tsx,2,Not just pre-loved. Carefully re-stored. | Pieces from a similar chapter.,13,Story and provenance | Care and ownership | Measurements | Provenance | Condition | Textile | Measurements | Care | Shipping and ownership | StretchFit Blouse | StretchFit Blouse | Sleeveless Cerise Pink StretchFit Blouse | Sleeveless Marigold Orange StretchFit,no,no,,No H1 correction identified.
/collection/violet-bloom-cotton-drape,1,Violet Bloom Cotton Drape,app/(site)/collection/[slug]/page.tsx,2,Not just pre-loved. Carefully re-stored. | Pieces from a similar chapter.,13,Story and provenance | Care and ownership | Measurements | Provenance | Condition | Textile | Measurements | Care | Shipping and ownership | Sunset Ombré Chiffon Draped Dream | StretchFit Blouse | StretchFit Blouse | Sleeveless Cerise Pink StretchFit Blouse,no,no,,No H1 correction identified.
/collection/moss-green-lightweight-silk-selai,1,Soft Girl Selai Green,app/(site)/collection/[slug]/page.tsx,2,Not just pre-loved. Carefully re-stored. | Pieces from a similar chapter.,13,Story and provenance | Care and ownership | Measurements | Provenance | Condition | Textile | Measurements | Care | Shipping and ownership | Coral Sunrise Chiffon Georgette Saree | Indigo & Plum Tied Silk Saree | Forest & Flame Tie Dye Silk | StretchFit Blouse,no,no,,No H1 correction identified.
/collection/heritage-zari-border-kanjivaram,1,Classic Gold Weave Kanjivaram,app/(site)/collection/[slug]/page.tsx,2,Not just pre-loved. Carefully re-stored. | Pieces from a similar chapter.,13,Story and provenance | Care and ownership | Measurements | Provenance | Condition | Textile | Measurements | Care | Shipping and ownership | StretchFit Blouse | StretchFit Blouse | Sleeveless Cerise Pink StretchFit Blouse | Sleeveless Marigold Orange StretchFit,no,no,,No H1 correction identified.
/collection/nava-pazham-kanjeevaram-silk,1,Nava Pazham,app/(site)/collection/[slug]/page.tsx,2,Not just pre-loved. Carefully re-stored. | Pieces from a similar chapter.,13,Story and provenance | Care and ownership | Measurements | Provenance | Condition | Textile | Measurements | Care | Shipping and ownership | StretchFit Blouse | StretchFit Blouse | Sleeveless Cerise Pink StretchFit Blouse | Sleeveless Marigold Orange StretchFit,no,no,,No H1 correction identified.
/collection/nila-blue-gold-zari-silk,1,Nila Blue Gold Zari Silk,app/(site)/collection/[slug]/page.tsx,2,Not just pre-loved. Carefully re-stored. | Pieces from a similar chapter.,13,Story and provenance | Care and ownership | Measurements | Provenance | Condition | Textile | Measurements | Care | Shipping and ownership | Coral Sunrise Chiffon Georgette Saree | Indigo & Plum Tied Silk Saree | Forest & Flame Tie Dye Silk | StretchFit Blouse,no,no,,No H1 correction identified.
/collection/colorful-vintage-kanjeevaram,1,Colorful Vintage Kanjeevaram,app/(site)/collection/[slug]/page.tsx,2,Not just pre-loved. Carefully re-stored. | Pieces from a similar chapter.,13,Story and provenance | Care and ownership | Measurements | Provenance | Condition | Textile | Measurements | Care | Shipping and ownership | StretchFit Blouse | StretchFit Blouse | Sleeveless Cerise Pink StretchFit Blouse | Sleeveless Marigold Orange StretchFit,no,no,,No H1 correction identified.
/collection/gulabi-kota-cotton,1,Gulabi Kota Cotton,app/(site)/collection/[slug]/page.tsx,2,Not just pre-loved. Carefully re-stored. | Pieces from a similar chapter.,13,Story and provenance | Care and ownership | Measurements | Provenance | Condition | Textile | Measurements | Care | Shipping and ownership | StretchFit Blouse | StretchFit Blouse | Sleeveless Cerise Pink StretchFit Blouse | Sleeveless Marigold Orange StretchFit,no,no,,No H1 correction identified.
/collection/kempu-pachai-and-bandhani,1,Kempu Pachai & Bandhani,app/(site)/collection/[slug]/page.tsx,2,Not just pre-loved. Carefully re-stored. | Pieces from a similar chapter.,13,Story and provenance | Care and ownership | Measurements | Provenance | Condition | Textile | Measurements | Care | Shipping and ownership | Coral Sunrise Chiffon Georgette Saree | Indigo & Plum Tied Silk Saree | Forest & Flame Tie Dye Silk | StretchFit Blouse,no,no,,No H1 correction identified.
/collection/pachai-linen-golden-border-drape,1,Pachai Linen Blend,app/(site)/collection/[slug]/page.tsx,2,Not just pre-loved. Carefully re-stored. | Pieces from a similar chapter.,13,Story and provenance | Care and ownership | Measurements | Provenance | Condition | Textile | Measurements | Care | Shipping and ownership | StretchFit Blouse | StretchFit Blouse | Sleeveless Cerise Pink StretchFit Blouse | Sleeveless Marigold Orange StretchFit,no,no,,No H1 correction identified.
/404,1,This piece isn't in the trunk.,app/(site)/404/page.tsx,1,Still waiting to be discovered,4,New Arrivals from the Trunk | Sarees with a Story | What Pre-loved Means | Open Your Trunk,no,no,,No H1 correction identified.
/account/addresses,0,,app/(site)/account/sign-in/page.tsx,0,,0,,no,yes,,No H1 correction identified.
/account/orders,0,,app/(site)/account/sign-in/page.tsx,0,,0,,no,yes,,No H1 correction identified.
/account,1,"Welcome, there.",app/(site)/account/page.tsx,0,,0,,no,no,,No H1 correction identified.
/account/profile,0,,app/(site)/account/sign-in/page.tsx,0,,0,,no,yes,,No H1 correction identified.
/account/profile/verify-email,0,,app/(site)/account/sign-in/page.tsx,0,,0,,no,yes,,No H1 correction identified.
/account/sign-in,0,,app/(site)/account/sign-in/page.tsx,0,,0,,no,yes,,No H1 correction identified.
/account/sign-up,0,,app/(site)/account/sign-up/page.tsx,0,,0,,no,yes,,No H1 correction identified.
/account/wishlist,0,,app/(site)/account/sign-in/page.tsx,0,,0,,no,yes,,No H1 correction identified.
/cart,1,Your trunk selection.,app/(site)/cart/page.tsx,3,Not pre-owned. Re-stored. | Your bag | Order summary,0,,no,no,,No H1 correction identified.
/checkout/confirmation,1,We could not load this order.,app/(site)/checkout/confirmation/page.tsx,0,,0,,no,no,,No H1 correction identified.
/checkout,1,Complete your trunk.,app/(site)/checkout/page.tsx,0,,0,,no,no,,No H1 correction identified.
/founders,1,Our Founders,app/(site)/our-team/page.tsx,1,The minds behind the trunk.,0,,no,no,,No H1 correction identified.
/privacy-policy,1,Privacy Policy,app/(site)/policies/[slug]/page.tsx,13,Information we collect | How we use your information | Consent and withdrawal | Sharing of information | Payment security | Cookies and similar technologies | Data retention | Your rights | Children's privacy | Security | Third-party links | Updates to this policy | Contact and grievance,0,,no,no,,No H1 correction identified.
/return-policy,1,Returns & Exchanges,app/(site)/policies/[slug]/page.tsx,12,Return window | When a return is eligible | When a return is not eligible | Condition of returned item | How to request a return | Return approval and pickup | Quality check after return | Refund timeline | Shipping charges | Exchanges and store credit | Damaged or missing package | Final decision,0,,no,no,,No H1 correction identified.
/search,1,Search the collection,app/(site)/search/page.tsx,0,,0,,no,no,,No H1 correction identified.
/shipping-policy,1,Shipping & Delivery,app/(site)/policies/[slug]/page.tsx,10,Processing time | Packaging | Courier partners | Delivery timelines | Shipping charges | Tracking | Delivery attempts | International shipping | Lost or damaged shipments | Unboxing recommendation,0,,no,no,,No H1 correction identified.
/terms-of-service,1,Terms & Conditions,app/(site)/policies/[slug]/page.tsx,9,"About FTT | Product information | Colour and photography | Pricing | Orders and payments | Account, wishlist, and cart | Intellectual property and prohibited use | Limitation of liability | Governing law",0,,no,no,,No H1 correction identified.
/_global-error,1,This piece isn't in the trunk.,app/(site)/[...slug]/page.tsx,1,Still waiting to be discovered,4,New Arrivals from the Trunk | Sarees with a Story | What Pre-loved Means | Open Your Trunk,no,no,,No H1 correction identified.
/_not-found,1,404,app/(site)/[...slug]/page.tsx,1,This page could not be found.,0,,no,no,,No H1 correction identified.
/collection/fabric/chiffon,1,Pre-loved chiffon sarees with soft movement,app/(site)/collection/fabric/[fabric]/page.tsx,1,Questions shoppers ask,6,Tangerine Noir Floral Border Weave | Kesari Sunset Chiffon Saree | Magenta Mist Chiffon Drape | Mint Chiffon Garden Border Saree | Pressed Bloom Sheer Chiffon | Is chiffon suitable for occasion wear?,no,no,,No H1 correction identified.
/collection/fabric/georgette,1,Pre-loved georgette sarees for fluid drape,app/(site)/collection/fabric/[fabric]/page.tsx,1,Questions shoppers ask,5,Sunset Ombré Chiffon Draped Dream | Midnight Garden Georgette Saree | Rani Pink Georgette | Midnight Gold Embroidered Georgette | Will this page always have georgette sarees?,no,no,,No H1 correction identified.
/collection/fabric/kanjeevaram,1,Pre-loved Kanjeevaram sarees with ceremonial presence,app/(site)/collection/fabric/[fabric]/page.tsx,2,This edit is waiting for the right pieces. | Questions shoppers ask,1,Why are there only a few Kanjeevaram sarees?,no,no,,No H1 correction identified.
/collection/occasion/festive,1,Pre-loved festive sarees for the next celebration,app/(site)/collection/occasion/[occasion]/page.tsx,2,This edit is waiting for the right pieces. | Questions shoppers ask,2,Are pre-loved sarees appropriate for festivals? | Can I gift a pre-loved saree?,no,no,,No H1 correction identified.
/collection/occasion/wedding,1,Pre-loved wedding sarees for meaningful occasions,app/(site)/collection/occasion/[occasion]/page.tsx,2,This edit is waiting for the right pieces. | Questions shoppers ask,1,Can a pre-loved saree be worn for a wedding?,no,no,,No H1 correction identified.
/faq,1,Pre-Loved Saree FAQs,app/(site)/faqs/page.tsx,2,"Our policies, in a glimpse | Common questions, answered",25,"Privacy Policy | Return, Refund & Exchange Policy | Shipping & Delivery Policy | Terms of Service | Authentication & Condition Policy | Care & Packaging Policy | Cancellation Policy | Sell With Us Policy | Grievance Redressal Policy | What is From the Trunk? | What is a pre-loved saree? | Are pre-loved sarees authentic? | Where can I buy authenticated pre-loved sarees in India? | How does From the Trunk verify sarees? | What is the difference between pre-loved and second-hand sarees? | Are vintage sarees sustainable? | How do I sell my old saree? | How do I store a silk saree? | How do I care for a Kanjeevaram saree? | What happens if a one-of-one saree is reserved? | Are the sarees really pre-loved? | Do you offer returns? | How do you ship the sarees? | How do I care for my saree? | What payment methods do you accept?",no,no,,No H1 correction identified.
/about,1,Our Story — Pre-Loved Sarees With Provenance,app/(site)/our-story/page.tsx,1,"Elegance, given a second life.",0,,no,no,,No H1 correction identified.
/stories,1,Our Story — Pre-Loved Sarees With Provenance,app/(site)/our-story/page.tsx,1,"Elegance, given a second life.",0,,no,no,,No H1 correction identified.
/search?q=silk,1,"Results for ""silk""",app/(site)/search/page.tsx,0,,22,Indigo & Plum Tied Silk Saree | Forest & Flame Tie Dye Silk | Green Garden Silk Burgundy Zari Edge | Pink Katan temple border | Forest green silk black gold | Teal moody silk saree | Rose silk | Indigo Dusk | Magenta Cotton Gold Zari Border | Red Blue Madras Check Cotton | Midnight Kesari Cotton Drape | Brown and Mustard light Silk | MAYIL | Kanchipuram Burnt Orange Heirloom Silk | Semmanjal kanjivaram | Thangam Golden Weave Kanjivaram | Violet Bloom Cotton Drape | Soft Girl Selai Green | Classic Gold Weave Kanjivaram | Nava Pazham | Nila Blue Gold Zari Silk | Kempu Pachai & Bandhani,no,no,,No H1 correction identified.
/collection?fabric=silk,1,Pre-Loved& Vintage Luxury Sarees,app/(site)/collection/page.tsx,2,Filters | All pieces,12,"Indigo & Plum Tied Silk Saree | Forest & Flame Tie Dye Silk | Green Garden Silk Burgundy Zari Edge | Every saree, fully vouched for. | Pink Katan temple border | Every saree, fully vouched for. | Forest green silk black gold | Teal moody silk saree | Rose silk | Red Blue Madras Check Cotton | Midnight Kesari Cotton Drape | Brown and Mustard light Silk",no,no,,No H1 correction identified.
/collection?occasion=wedding,1,Pre-Loved& Vintage Luxury Sarees,app/(site)/collection/page.tsx,2,Filters | All pieces,7,Try the newest available pieces from the trunk. | Tangerine Noir Floral Border Weave | Sunset Ombré Chiffon Draped Dream | Indigo & Plum Tied Silk Saree | Marigold & Moss cotton | Midnight Garden Georgette Saree | Green Garden Silk Burgundy Zari Edge,no,no,,No H1 correction identified.
/collection?tags=top-viewed,1,Pre-Loved& Vintage Luxury Sarees,app/(site)/collection/page.tsx,2,Filters | All pieces,9,"Tangerine Noir Floral Border Weave | Kempu Pachai & Bandhani | Indigo & Plum Tied Silk Saree | Every saree, fully vouched for. | Red Blue Madras Check Cotton | Every saree, fully vouched for. | Forest & Flame Tie Dye Silk | Marigold & Moss cotton | Orange Blossom Cotton Weave",no,no,,No H1 correction identified.
/collection?type=blouse,1,Blouses with a story of their own,app/(site)/collection/page.tsx,2,Filters | All pieces,7,"StretchFit Blouse | StretchFit Blouse | Sleeveless Cerise Pink StretchFit Blouse | Every saree, fully vouched for. | Sleeveless Marigold Orange StretchFit | Every saree, fully vouched for. | Sleeveless Black StretchFit",no,no,,No H1 correction identified.
/collection?sort=price-asc,1,Pre-Loved& Vintage Luxury Sarees,app/(site)/collection/page.tsx,2,Filters | All pieces,12,"Tangerine Noir Floral Border Weave | Sunset Ombré Chiffon Draped Dream | Indigo & Plum Tied Silk Saree | Every saree, fully vouched for. | Forest & Flame Tie Dye Silk | Every saree, fully vouched for. | Moonstone Cream Mauve Border Saree | Marigold & Moss cotton | Midnight Garden Georgette Saree | Green Garden Silk Burgundy Zari Edge | Pink Katan temple border | Forest green silk black gold",no,no,,No H1 correction identified.
/seo-audit-definitely-missing,1,This piece isn't in the trunk.,app/(site)/[...slug]/page.tsx,1,Still waiting to be discovered,4,New Arrivals from the Trunk | Sarees with a Story | What Pre-loved Means | Open Your Trunk,no,no,,No H1 correction identified.
/admin,0,,app/(site)/[...slug]/page.tsx,0,,0,,no,yes,,No H1 correction identified.
/admin/orders/seo-audit-placeholder/packing-slip,0,,app/(admin)/admin/orders/[id]/packing-slip/page.tsx,0,,0,,no,yes,,No H1 correction identified.
/collection/stretchfit-blouse,1,StretchFit Blouse,app/(site)/collection/[slug]/page.tsx,3,Select your blouse size | Not just pre-loved. Carefully re-stored. | Pieces from a similar chapter.,12,Care and ownership | Measurements | Provenance | Condition | Textile | Measurements | Care | Shipping and ownership | Sleeveless Cerise Pink StretchFit Blouse | Sleeveless Black StretchFit | StretchFit Blouse | Sleeveless Marigold Orange StretchFit,no,no,,No H1 correction identified.
/collection/stretchfit-blouse-1,1,StretchFit Blouse,app/(site)/collection/[slug]/page.tsx,3,Select your blouse size | Not just pre-loved. Carefully re-stored. | Pieces from a similar chapter.,12,Care and ownership | Measurements | Provenance | Condition | Textile | Measurements | Care | Shipping and ownership | Sleeveless Marigold Orange StretchFit | StretchFit Blouse | Sleeveless Cerise Pink StretchFit Blouse | Sleeveless Black StretchFit,no,no,,No H1 correction identified.
/collection/sleeveless-cerise-pink-stretchfit-blouse,1,Sleeveless Cerise Pink StretchFit Blouse,app/(site)/collection/[slug]/page.tsx,3,Select your blouse size | Not just pre-loved. Carefully re-stored. | Pieces from a similar chapter.,12,Care and ownership | Measurements | Provenance | Condition | Textile | Measurements | Care | Shipping and ownership | Sleeveless Black StretchFit | StretchFit Blouse | StretchFit Blouse | Sleeveless Marigold Orange StretchFit,no,no,,No H1 correction identified.
/collection/sleeveless-marigold-orange-stretchfit,1,Sleeveless Marigold Orange StretchFit,app/(site)/collection/[slug]/page.tsx,3,Select your blouse size | Not just pre-loved. Carefully re-stored. | Pieces from a similar chapter.,12,Care and ownership | Measurements | Provenance | Condition | Textile | Measurements | Care | Shipping and ownership | StretchFit Blouse | StretchFit Blouse | Sleeveless Cerise Pink StretchFit Blouse | Sleeveless Black StretchFit,no,no,,No H1 correction identified.
/collection/sleeveless-black-stretchfit,1,Sleeveless Black StretchFit,app/(site)/collection/[slug]/page.tsx,3,Select your blouse size | Not just pre-loved. Carefully re-stored. | Pieces from a similar chapter.,12,Care and ownership | Measurements | Provenance | Condition | Textile | Measurements | Care | Shipping and ownership | Sleeveless Cerise Pink StretchFit Blouse | StretchFit Blouse | StretchFit Blouse | Sleeveless Marigold Orange StretchFit,no,no,,No H1 correction identified.
/collection/rose-vine-stripe-chiffon-saree,1,Rose Vine Stripe Chiffon Saree,app/(site)/collection/[slug]/page.tsx,2,Not just pre-loved. Carefully re-stored. | Pieces from a similar chapter.,13,Story and provenance | Care and ownership | Measurements | Provenance | Condition | Textile | Measurements | Care | Shipping and ownership | Tangerine Noir Floral Border Weave | StretchFit Blouse | StretchFit Blouse | Sleeveless Cerise Pink StretchFit Blouse,no,no,,No H1 correction identified.
/collection/coral-sunrise-chiffon-georgette-saree,1,Coral Sunrise Chiffon Georgette Saree,app/(site)/collection/[slug]/page.tsx,2,Not just pre-loved. Carefully re-stored. | Pieces from a similar chapter.,13,Story and provenance | Care and ownership | Measurements | Provenance | Condition | Textile | Measurements | Care | Shipping and ownership | Indigo & Plum Tied Silk Saree | Forest & Flame Tie Dye Silk | StretchFit Blouse | StretchFit Blouse,no,no,,No H1 correction identified.
