URL/path,robots.txt rule,Meta robots,X-Robots-Tag,Sitemap inclusion,Intended indexability,Actual indexability,Issue,Recommended fix
/,Allow: /,"index, follow",,yes,index,indexable/crawlable,,
/collection,Allow: /,"index, follow",,yes,index,indexable/crawlable,,
/top-viewed,Allow: /,"index, follow",,yes,index,indexable/crawlable,,
/our-story,Allow: /,"index, follow",,yes,index,indexable/crawlable,,
/our-team,Allow: /,"index, follow",,yes,index,indexable/crawlable,,
/faqs,Allow: /,"index, follow",,yes,index,indexable/crawlable,,
/contact,Allow: /,"index, follow",,yes,index,indexable/crawlable,,
/how-it-works,Allow: /,"index, follow",,yes,index,indexable/crawlable,,
/authentication,Allow: /,"index, follow",,yes,index,indexable/crawlable,,
/policies,Allow: /,"index, follow",,yes,index,indexable/crawlable,,
/why,Allow: /,"index, follow",,yes,index,indexable/crawlable,,
/sell-your-saree,Allow: /,"index, follow",,yes,index,indexable/crawlable,,
/packing,Allow: /,"index, follow",,yes,index,indexable/crawlable,,
/policies/privacy-policy,Allow: /,"index, follow",,yes,index,indexable/crawlable,,
/policies/return-refund-policy,Allow: /,"index, follow",,yes,index,indexable/crawlable,,
/policies/shipping-delivery-policy,Allow: /,"index, follow",,yes,index,indexable/crawlable,,
/policies/terms-of-service,Allow: /,"index, follow",,yes,index,indexable/crawlable,,
/policies/authentication-condition-policy,Allow: /,"index, follow",,yes,index,indexable/crawlable,,
/policies/care-packaging-policy,Allow: /,"index, follow",,yes,index,indexable/crawlable,,
/policies/cancellation-policy,Allow: /,"index, follow",,yes,index,indexable/crawlable,,
/policies/sell-with-us-policy,Allow: /,"index, follow",,yes,index,indexable/crawlable,,
/policies/grievance-redressal,Allow: /,"index, follow",,yes,index,indexable/crawlable,,
/collection/fabric/silk,Allow: /,"index, follow",,yes,index,indexable/crawlable,,
/blouses,Allow: /,"index, follow",,yes,index,indexable/crawlable,,
/guides/what-is-a-pre-loved-saree,Allow: /,"index, follow",,yes,index,indexable/crawlable,,
/guides/pre-loved-vs-second-hand-saree,Allow: /,"index, follow",,yes,index,indexable/crawlable,,
/collection/tangerine-noir-floral-border-weave,Allow: /,"index, follow",,yes,index,indexable/crawlable,,
/collection/sunset-ombr-chiffon-draped-dream,Allow: /,"index, follow",,yes,index,indexable/crawlable,,
/collection/indigo-plum-tied-silk-saree,Allow: /,"index, follow",,yes,index,indexable/crawlable,,
/collection/forest-flame-tie-dye-silk,Allow: /,"index, follow",,yes,index,indexable/crawlable,,
/collection/moonstone-cream-mauve-border-saree,Allow: /,"index, follow",,yes,index,indexable/crawlable,,
/collection/marigold-moss-cotton,Allow: /,"index, follow",,yes,index,indexable/crawlable,,
/collection/midnight-garden-georgette-saree,Allow: /,"index, follow",,yes,index,indexable/crawlable,,
/collection/verdant-bloom-silk-burgundy-gold-border,Allow: /,"index, follow",,yes,index,indexable/crawlable,,
/collection/pink-katan-triangle-zari-edge,Allow: /,"index, follow",,yes,index,indexable/crawlable,,
/collection/forest-green-silk-black-gold,Allow: /,"index, follow",,yes,index,indexable/crawlable,,
/collection/teal-blue-moody-silk-drape,Allow: /,"index, follow",,yes,index,indexable/crawlable,,
/collection/rose-silk-green-brown-stripe,Allow: /,"index, follow",,yes,index,indexable/crawlable,,
/collection/mustard-organza-brown-border-drape,Allow: /,"index, follow",,yes,index,indexable/crawlable,,
/collection/charcoal-gold-organza-heirloom-drape,Allow: /,"index, follow",,yes,index,indexable/crawlable,,
/collection/beige-organza-peach-bloom,Allow: /,"index, follow",,yes,index,indexable/crawlable,,
/collection/maroon-chettinad-cotton,Allow: /,"index, follow",,yes,index,indexable/crawlable,,
/collection/deep-wine-organza,Allow: /,"index, follow",,yes,index,indexable/crawlable,,
/collection/indigo-dusk-silk-cotton,Allow: /,"index, follow",,yes,index,indexable/crawlable,,
/collection/reddish-mango-cotton-orange-border,Allow: /,"index, follow",,yes,index,indexable/crawlable,,
/collection/magenta-cotton,Allow: /,"index, follow",,yes,index,indexable/crawlable,,
/collection/red-blue-madras-check-cotton,Allow: /,"index, follow",,yes,index,indexable/crawlable,,
/collection/twilight-orange-cotton-weave,Allow: /,"index, follow",,yes,index,indexable/crawlable,,
/collection/lime-and-gold-cotton-classic,Allow: /,"index, follow",,yes,index,indexable/crawlable,,
/collection/midnight-tribe-gold-border-cotton,Allow: /,"index, follow",,yes,index,indexable/crawlable,,
/collection/autumn-ember-golden-leaf-cotton,Allow: /,"index, follow",,yes,index,indexable/crawlable,,
/collection/orange-blossom-cotton-weave,Allow: /,"index, follow",,yes,index,indexable/crawlable,,
/collection/midnight-kesari-cotton-drape,Allow: /,"index, follow",,yes,index,indexable/crawlable,,
/collection/blush-green-handwoven-cotton-drape,Allow: /,"index, follow",,yes,index,indexable/crawlable,,
/collection/brown-kapi-cotton-black-line-border,Allow: /,"index, follow",,yes,index,indexable/crawlable,,
/collection/brown-and-mustard-light-silk,Allow: /,"index, follow",,yes,index,indexable/crawlable,,
/collection/kesari-sunset-chiffon-saree,Allow: /,"index, follow",,yes,index,indexable/crawlable,,
/collection/magenta-mist-chiffon-drape,Allow: /,"index, follow",,yes,index,indexable/crawlable,,
/collection/green-chiffon-with-fancy-border,Allow: /,"index, follow",,yes,index,indexable/crawlable,,
/collection/rani-pink-georgette-garden-party,Allow: /,"index, follow",,yes,index,indexable/crawlable,,
/collection/midnight-zari-georgette,Allow: /,"index, follow",,yes,index,indexable/crawlable,,
/collection/pressed-bloom-sheer-chiffon,Allow: /,"index, follow",,yes,index,indexable/crawlable,,
/collection/mayil-peacock-kanjivaram-mix,Allow: /,"index, follow",,yes,index,indexable/crawlable,,
/collection/burnt-orange-temple-border-kanjivaram,Allow: /,"index, follow",,yes,index,indexable/crawlable,,
/collection/semmanjal-turmeric-gold-kanjeevaram,Allow: /,"index, follow",,yes,index,indexable/crawlable,,
/collection/thangam-golden-weave-kanjivaram,Allow: /,"index, follow",,yes,index,indexable/crawlable,,
/collection/violet-bloom-cotton-drape,Allow: /,"index, follow",,yes,index,indexable/crawlable,,
/collection/moss-green-lightweight-silk-selai,Allow: /,"index, follow",,yes,index,indexable/crawlable,,
/collection/heritage-zari-border-kanjivaram,Allow: /,"index, follow",,yes,index,indexable/crawlable,,
/collection/nava-pazham-kanjeevaram-silk,Allow: /,"index, follow",,yes,index,indexable/crawlable,,
/collection/nila-blue-gold-zari-silk,Allow: /,"index, follow",,yes,index,indexable/crawlable,,
/collection/colorful-vintage-kanjeevaram,Allow: /,"index, follow",,yes,index,indexable/crawlable,,
/collection/gulabi-kota-cotton,Allow: /,"index, follow",,yes,index,indexable/crawlable,,
/collection/kempu-pachai-and-bandhani,Allow: /,"index, follow",,yes,index,indexable/crawlable,,
/collection/pachai-linen-golden-border-drape,Allow: /,"index, follow",,yes,index,indexable/crawlable,,
/404,Allow: /,noindex,,no,noindex,noindex,,
/account/addresses,Disallow: /account/,"noindex, follow",,no,noindex,noindex,,
/account/orders,Disallow: /account/,"noindex, follow",,no,noindex,noindex,,
/account,Allow: /,"noindex, follow",,no,noindex,noindex,,
/account/profile,Disallow: /account/,"noindex, follow",,no,noindex,noindex,,
/account/profile/verify-email,Disallow: /account/,"noindex, follow",,no,noindex,noindex,,
/account/sign-in,Disallow: /account/,"noindex, follow",,no,noindex,noindex,,
/account/sign-up,Disallow: /account/,"noindex, follow",,no,noindex,noindex,,
/account/wishlist,Disallow: /account/,"noindex, follow",,no,noindex,noindex,,
/cart,Disallow: /cart,"noindex, follow",,no,noindex,noindex,,
/checkout/confirmation,Disallow: /checkout,"noindex, follow",,no,noindex,noindex,,
/checkout,Disallow: /checkout,"noindex, follow",,no,noindex,noindex,,
/founders,Allow: /,"index, follow",,no,noindex,not indexable,expected noindex missing,
/privacy-policy,Allow: /,"index, follow",,no,noindex,not indexable,expected noindex missing,
/return-policy,Allow: /,"index, follow",,no,noindex,not indexable,expected noindex missing,
/search,Disallow: /search,"noindex, follow",,no,noindex,noindex,,
/shipping-policy,Allow: /,"index, follow",,no,noindex,not indexable,expected noindex missing,
/terms-of-service,Allow: /,"index, follow",,no,noindex,not indexable,expected noindex missing,
/_global-error,Allow: /,noindex,,no,noindex,noindex,,
/_not-found,Allow: /,noindex,,no,noindex,noindex,,
/.well-known/appspecific/com.chrome.devtools.json,Allow: /,n/a,,no,review,not indexable,,
/collection/fabric/chiffon,Allow: /,"index, follow",,no,index,indexable/crawlable,indexable URL missing from sitemap,
/collection/fabric/georgette,Allow: /,"index, follow",,no,index,indexable/crawlable,indexable URL missing from sitemap,
/collection/fabric/kanjeevaram,Allow: /,"noindex, follow",,no,review,noindex,,
/collection/occasion/festive,Allow: /,"noindex, follow",,no,review,noindex,,
/collection/occasion/wedding,Allow: /,"noindex, follow",,no,review,noindex,,
/robots.txt,Allow: /,n/a,,no,review,not indexable,,
/faq,Allow: /,"index, follow",,no,noindex,not indexable,expected noindex missing,
/about,Allow: /,"index, follow",,no,noindex,not indexable,expected noindex missing,
/stories,Allow: /,"index, follow",,no,noindex,not indexable,expected noindex missing,
/search?q=silk,Disallow: /search,"noindex, follow",,no,noindex,noindex,,
/collection?fabric=silk,Allow: /,"noindex, follow",,no,noindex,noindex,,
/collection?occasion=wedding,Allow: /,"noindex, follow",,no,noindex,noindex,,
/collection?tags=top-viewed,Allow: /,"noindex, follow",,no,noindex,noindex,,
/collection?type=blouse,Allow: /,"noindex, follow",,no,noindex,noindex,,
/collection?sort=price-asc,Allow: /,"noindex, follow",,no,noindex,noindex,,
/seo-audit-definitely-missing,Allow: /,noindex,,no,noindex,noindex,,
/admin,Allow: /,"index, follow",,no,noindex,indexable/crawlable,expected noindex missing | expected nofollow missing,Emit the intended noindex directive at page or response-header level.
/admin/orders/seo-audit-placeholder/packing-slip,Disallow: /admin/,noindex,,no,noindex,noindex,,
/api/v2/docs,Disallow: /api/v2/docs,n/a,,no,noindex,robots-disallowed,,
/api/v2/openapi.json,Disallow: /api/v2/openapi.json,n/a,,no,noindex,robots-disallowed,,
/api/auth/session,Disallow: /api/,n/a,,no,review,robots-disallowed,,
/collection/stretchfit-blouse,Allow: /,"noindex, follow",,no,review,noindex,,
/collection/stretchfit-blouse-1,Allow: /,"noindex, follow",,no,review,noindex,,
/collection/sleeveless-cerise-pink-stretchfit-blouse,Allow: /,"noindex, follow",,no,review,noindex,,
/collection/sleeveless-marigold-orange-stretchfit,Allow: /,"noindex, follow",,no,review,noindex,,
/collection/sleeveless-black-stretchfit,Allow: /,"noindex, follow",,no,review,noindex,,
/collection/rose-vine-stripe-chiffon-saree,Allow: /,"index, follow",,no,index,indexable/crawlable,indexable URL missing from sitemap,
/collection/coral-sunrise-chiffon-georgette-saree,Allow: /,"index, follow",,no,index,indexable/crawlable,indexable URL missing from sitemap,
