Product URL,Product name,Slug,Fabric,Price,Availability,H1,Title,Meta description,Canonical,Robots,Product JSON-LD present,BreadcrumbList present,Image alt text,Story/description length,Duplicate title?,Duplicate meta?,Sitemap included?,Issue,Recommendation
/collection/tangerine-noir-floral-border-weave,Tangerine Noir Floral Border Weave,tangerine-noir-floral-border-weave,Chiffon,5299,https://schema.org/InStock,Tangerine Noir Floral Border Weave,Tangerine Noir Floral Border Weave – Pre-Loved Chiffon Saree | From The Trunk,"Own 'Tangerine Noir Floral Border Weave', a one-of-a-kind pre-loved Chiffon saree authenticated by From The Trunk. Shipped with provenance.",https://www.fromthetrunk.shop/collection/tangerine-noir-floral-border-weave,"index, follow",yes,yes," | From the Trunk |  |  |  |  |  |  | Tangerine Noir Floral Border Weave shown as a pre-loved saree, Chiffon | Rose Vine Stripe Chiffon Saree, pre-loved Chiffon saree from From the Trunk | StretchFit Blouse, pre-loved Cotton saree from From the Trunk | StretchFit Blouse, pre-loved saree from From the Trunk | Sleeveless Cerise Pink StretchFit Blouse, pre-loved saree from From the Trunk",1351,no,no,yes,,No rendered-page correction identified by automated checks.
/collection/sunset-ombr-chiffon-draped-dream,Sunset Ombré Chiffon Draped Dream,sunset-ombr-chiffon-draped-dream,Georgette,4299,https://schema.org/InStock,Sunset Ombré Chiffon Draped Dream,Sunset Ombré Chiffon Draped Dream – Pre-Loved Georgette Saree | From The Trunk,"Own 'Sunset Ombré Chiffon Draped Dream', a one-of-a-kind pre-loved Georgette saree authenticated by From The Trunk. Shipped with provenance.",https://www.fromthetrunk.shop/collection/sunset-ombr-chiffon-draped-dream,"index, follow",yes,yes," | From the Trunk |  |  |  |  | Sunset Ombré Chiffon Draped Dream shown as a pre-loved saree, Georgette | StretchFit Blouse, pre-loved Cotton saree from From the Trunk | StretchFit Blouse, pre-loved saree from From the Trunk | Sleeveless Cerise Pink StretchFit Blouse, pre-loved saree from From the Trunk | Sleeveless Marigold Orange StretchFit, pre-loved saree from From the Trunk",675,no,no,yes,,No rendered-page correction identified by automated checks.
/collection/indigo-plum-tied-silk-saree,Indigo & Plum Tied Silk Saree,indigo-plum-tied-silk-saree,Silk,3299,https://schema.org/InStock,Indigo & Plum Tied Silk Saree,Indigo & Plum Tied Silk Saree | From The Trunk,"Own 'Indigo & Plum Tied Silk Saree', a one-of-a-kind pre-loved Silk saree authenticated by From The Trunk. Shipped with provenance.",https://www.fromthetrunk.shop/collection/indigo-plum-tied-silk-saree,"index, follow",yes,yes," | From the Trunk |  |  |  |  |  | Indigo & Plum Tied Silk Saree shown as a pre-loved saree, Silk | Coral Sunrise Chiffon Georgette Saree, pre-loved Silk saree from From the Trunk | Forest & Flame Tie Dye Silk, pre-loved Silk saree from From the Trunk | StretchFit Blouse, pre-loved Cotton saree from From the Trunk | StretchFit Blouse, pre-loved saree from From the Trunk",636,no,no,yes,,No rendered-page correction identified by automated checks.
/collection/forest-flame-tie-dye-silk,Forest & Flame Tie Dye Silk,forest-flame-tie-dye-silk,Silk,2799,https://schema.org/LimitedAvailability,Forest & Flame Tie Dye Silk,Forest & Flame Tie Dye Silk – Pre-Loved Silk Saree | From The Trunk,"Own 'Forest & Flame Tie Dye Silk', a one-of-a-kind pre-loved Silk saree authenticated by From The Trunk. Before the loom, there. Shipped with provenance.",https://www.fromthetrunk.shop/collection/forest-flame-tie-dye-silk,"index, follow",yes,yes," | From the Trunk |  |  |  |  |  | Forest & Flame Tie Dye Silk shown as a pre-loved saree, Silk | Coral Sunrise Chiffon Georgette Saree, pre-loved Silk saree from From the Trunk | Indigo & Plum Tied Silk Saree, pre-loved Silk saree from From the Trunk | StretchFit Blouse, pre-loved Cotton saree from From the Trunk | StretchFit Blouse, pre-loved saree from From the Trunk",610,no,no,yes,,No rendered-page correction identified by automated checks.
/collection/moonstone-cream-mauve-border-saree,Moonstone Cream Mauve Border Saree,moonstone-cream-mauve-border-saree,Organza,3299,https://schema.org/LimitedAvailability,Moonstone Cream Mauve Border Saree,Moonstone Cream Mauve Border Saree – Pre-Loved Organza Saree | From The Trunk,"Own 'Moonstone Cream Mauve Border Saree', a one-of-a-kind pre-loved Organza saree authenticated by From The Trunk. Shipped with provenance.",https://www.fromthetrunk.shop/collection/moonstone-cream-mauve-border-saree,"index, follow",yes,yes," | From the Trunk |  |  |  |  |  | Moonstone Cream Mauve Border Saree shown as a pre-loved saree, Organza | StretchFit Blouse, pre-loved Cotton saree from From the Trunk | StretchFit Blouse, pre-loved saree from From the Trunk | Sleeveless Cerise Pink StretchFit Blouse, pre-loved saree from From the Trunk | Sleeveless Marigold Orange StretchFit, pre-loved saree from From the Trunk",509,no,no,yes,,No rendered-page correction identified by automated checks.
/collection/marigold-moss-cotton,Marigold & Moss cotton,marigold-moss-cotton,Cotton,3499,https://schema.org/InStock,Marigold & Moss cotton,Marigold & Moss cotton – Pre-Loved Cotton Saree | From The Trunk,"Own 'Marigold & Moss cotton', a one-of-a-kind pre-loved Cotton saree authenticated by From The Trunk. Handwoven in a fine cotton. Shipped with provenance.",https://www.fromthetrunk.shop/collection/marigold-moss-cotton,"index, follow",yes,yes," | From the Trunk |  |  |  |  |  |  |  | Marigold & Moss cotton shown as a pre-loved saree, Cotton | StretchFit Blouse, pre-loved Cotton saree from From the Trunk | Sleeveless Cerise Pink StretchFit Blouse, pre-loved saree from From the Trunk | Sleeveless Black StretchFit, pre-loved Cotton saree from From the Trunk | StretchFit Blouse, pre-loved saree from From the Trunk",560,no,no,yes,,No rendered-page correction identified by automated checks.
/collection/midnight-garden-georgette-saree,Midnight Garden Georgette Saree,midnight-garden-georgette-saree,Georgette,5299,https://schema.org/InStock,Midnight Garden Georgette Saree,Midnight Garden Georgette Saree | From The Trunk,"Own 'Midnight Garden Georgette Saree', a one-of-a-kind pre-loved Georgette saree authenticated by From The Trunk. Shipped with provenance.",https://www.fromthetrunk.shop/collection/midnight-garden-georgette-saree,"index, follow",yes,yes," | From the Trunk |  |  |  |  |  |  | Midnight Garden Georgette Saree shown as a pre-loved saree, Georgette | Sunset Ombré Chiffon Draped Dream, pre-loved Georgette saree from From the Trunk | StretchFit Blouse, pre-loved Cotton saree from From the Trunk | StretchFit Blouse, pre-loved saree from From the Trunk | Sleeveless Cerise Pink StretchFit Blouse, pre-loved saree from From the Trunk",271,no,no,yes,,No rendered-page correction identified by automated checks.
/collection/verdant-bloom-silk-burgundy-gold-border,Green Garden Silk Burgundy Zari Edge,verdant-bloom-silk-burgundy-gold-border,Silk,10299,https://schema.org/InStock,Green Garden Silk Burgundy Zari Edge,Green Garden Silk Burgundy Zari Edge – Pre-Loved Silk Saree | From The Trunk,"Own 'Green Garden Silk Burgundy Zari Edge', a one-of-a-kind pre-loved Silk saree authenticated by From The Trunk. Shipped with provenance.",https://www.fromthetrunk.shop/collection/verdant-bloom-silk-burgundy-gold-border,"index, follow",yes,yes," | From the Trunk |  |  |  |  |  | Green Garden Silk Burgundy Zari Edge shown as a pre-loved saree, Silk | Coral Sunrise Chiffon Georgette Saree, pre-loved Silk saree from From the Trunk | Indigo & Plum Tied Silk Saree, pre-loved Silk saree from From the Trunk | Forest & Flame Tie Dye Silk, pre-loved Silk saree from From the Trunk | StretchFit Blouse, pre-loved Cotton saree from From the Trunk",513,no,no,yes,,No rendered-page correction identified by automated checks.
/collection/pink-katan-triangle-zari-edge,Pink Katan temple border,pink-katan-triangle-zari-edge,Silk,3799,https://schema.org/LimitedAvailability,Pink Katan temple border,Pink Katan temple border – Pre-Loved Silk Saree | From The Trunk,"Own 'Pink Katan temple border', a one-of-a-kind pre-loved Silk saree authenticated by From The Trunk. Temple borders of this. Shipped with provenance.",https://www.fromthetrunk.shop/collection/pink-katan-triangle-zari-edge,"index, follow",yes,yes," | From the Trunk |  |  |  |  |  |  |  | Pink Katan temple border shown as a pre-loved saree, Silk | Coral Sunrise Chiffon Georgette Saree, pre-loved Silk saree from From the Trunk | Indigo & Plum Tied Silk Saree, pre-loved Silk saree from From the Trunk | Forest & Flame Tie Dye Silk, pre-loved Silk saree from From the Trunk | StretchFit Blouse, pre-loved Cotton saree from From the Trunk",346,no,no,yes,,No rendered-page correction identified by automated checks.
/collection/forest-green-silk-black-gold,Forest green silk black gold,forest-green-silk-black-gold,Silk,3299,https://schema.org/LimitedAvailability,Forest green silk black gold,Forest green silk black gold – Pre-Loved Silk Saree | From The Trunk,"Own 'Forest green silk black gold', a one-of-a-kind pre-loved Silk saree authenticated by From The Trunk. Shipped with provenance.",https://www.fromthetrunk.shop/collection/forest-green-silk-black-gold,"index, follow",yes,yes," | From the Trunk |  |  |  |  |  |  |  | Forest green silk black gold shown as a pre-loved saree, Silk | Coral Sunrise Chiffon Georgette Saree, pre-loved Silk saree from From the Trunk | Indigo & Plum Tied Silk Saree, pre-loved Silk saree from From the Trunk | Forest & Flame Tie Dye Silk, pre-loved Silk saree from From the Trunk | StretchFit Blouse, pre-loved Cotton saree from From the Trunk",512,no,no,yes,,No rendered-page correction identified by automated checks.
/collection/teal-blue-moody-silk-drape,Teal moody silk saree,teal-blue-moody-silk-drape,Silk,3799,https://schema.org/InStock,Teal moody silk saree,Teal moody silk saree | From The Trunk,"Own 'Teal moody silk saree', a one-of-a-kind pre-loved Silk saree authenticated by From The Trunk. There is a moment in the late. Shipped with provenance.",https://www.fromthetrunk.shop/collection/teal-blue-moody-silk-drape,"index, follow",yes,yes," | From the Trunk |  |  |  |  |  |  |  |  | Teal moody silk saree shown as a pre-loved saree, Silk | Coral Sunrise Chiffon Georgette Saree, pre-loved Silk saree from From the Trunk | Indigo & Plum Tied Silk Saree, pre-loved Silk saree from From the Trunk | Forest & Flame Tie Dye Silk, pre-loved Silk saree from From the Trunk | StretchFit Blouse, pre-loved Cotton saree from From the Trunk",332,no,no,yes,,No rendered-page correction identified by automated checks.
/collection/rose-silk-green-brown-stripe,Rose silk,rose-silk-green-brown-stripe,Silk,2799,https://schema.org/InStock,Rose silk,Rose silk – Pre-Loved Silk Saree | From The Trunk,"Own 'Rose silk', a one-of-a-kind pre-loved Silk saree authenticated by From The Trunk. Before a single thread was thrown across. Shipped with provenance.",https://www.fromthetrunk.shop/collection/rose-silk-green-brown-stripe,"index, follow",yes,yes," | From the Trunk |  |  |  |  |  |  |  | Rose silk shown as a pre-loved saree, Silk | Coral Sunrise Chiffon Georgette Saree, pre-loved Silk saree from From the Trunk | Indigo & Plum Tied Silk Saree, pre-loved Silk saree from From the Trunk | Forest & Flame Tie Dye Silk, pre-loved Silk saree from From the Trunk | StretchFit Blouse, pre-loved Cotton saree from From the Trunk",733,no,no,yes,,No rendered-page correction identified by automated checks.
/collection/mustard-organza-brown-border-drape,Harvest gold,mustard-organza-brown-border-drape,Organza,3049,https://schema.org/InStock,Harvest gold,Harvest gold – Pre-Loved Organza Saree | From The Trunk,"Own 'Harvest gold', a one-of-a-kind pre-loved Organza saree authenticated by From The Trunk. Organza of this character. Shipped with provenance.",https://www.fromthetrunk.shop/collection/mustard-organza-brown-border-drape,"index, follow",yes,yes," | From the Trunk |  |  |  |  |  | Harvest gold shown as a pre-loved saree, Organza | Moonstone Cream Mauve Border Saree, pre-loved Organza saree from From the Trunk | StretchFit Blouse, pre-loved Cotton saree from From the Trunk | StretchFit Blouse, pre-loved saree from From the Trunk | Sleeveless Cerise Pink StretchFit Blouse, pre-loved saree from From the Trunk",667,no,no,yes,,No rendered-page correction identified by automated checks.
/collection/charcoal-gold-organza-heirloom-drape,Charcoal gold organza heirloom drape,charcoal-gold-organza-heirloom-drape,Organza,5059,https://schema.org/InStock,Charcoal gold organza heirloom drape,Charcoal gold organza heirloom drape – Pre-Loved Organza Saree | From The Trunk,"Own 'Charcoal gold organza heirloom drape', a one-of-a-kind pre-loved Organza saree authenticated by From The Trunk. Shipped with provenance.",https://www.fromthetrunk.shop/collection/charcoal-gold-organza-heirloom-drape,"index, follow",yes,yes," | From the Trunk |  |  |  |  |  |  | Charcoal gold organza heirloom drape shown as a pre-loved saree, Organza | Moonstone Cream Mauve Border Saree, pre-loved Organza saree from From the Trunk | StretchFit Blouse, pre-loved Cotton saree from From the Trunk | StretchFit Blouse, pre-loved saree from From the Trunk | Sleeveless Cerise Pink StretchFit Blouse, pre-loved saree from From the Trunk",640,no,no,yes,,No rendered-page correction identified by automated checks.
/collection/beige-organza-peach-bloom,Beige Organza Peach Bloom Print,beige-organza-peach-bloom,Organza,3549,https://schema.org/InStock,Beige Organza Peach Bloom Print,Beige Organza Peach Bloom Print – Pre-Loved Organza Saree | From The Trunk,"Own 'Beige Organza Peach Bloom Print', a one-of-a-kind pre-loved Organza saree authenticated by From The Trunk. Shipped with provenance.",https://www.fromthetrunk.shop/collection/beige-organza-peach-bloom,"index, follow",yes,yes," | From the Trunk |  |  |  |  |  |  | Beige Organza Peach Bloom Print shown as a pre-loved saree, Organza | Moonstone Cream Mauve Border Saree, pre-loved Organza saree from From the Trunk | StretchFit Blouse, pre-loved Cotton saree from From the Trunk | StretchFit Blouse, pre-loved saree from From the Trunk | Sleeveless Cerise Pink StretchFit Blouse, pre-loved saree from From the Trunk",622,no,no,yes,,No rendered-page correction identified by automated checks.
/collection/maroon-chettinad-cotton,Maroon chettinad cotton,maroon-chettinad-cotton,Cotton,3299,https://schema.org/InStock,Maroon chettinad cotton,Maroon chettinad cotton – Pre-Loved Cotton Saree | From The Trunk,"Own 'Maroon chettinad cotton', a one-of-a-kind pre-loved Cotton saree authenticated by From The Trunk. Born on the handlooms of. Shipped with provenance.",https://www.fromthetrunk.shop/collection/maroon-chettinad-cotton,"index, follow",yes,yes," | From the Trunk |  |  |  |  |  |  |  | Maroon chettinad cotton shown as a pre-loved saree, Cotton | StretchFit Blouse, pre-loved Cotton saree from From the Trunk | Sleeveless Cerise Pink StretchFit Blouse, pre-loved saree from From the Trunk | Sleeveless Black StretchFit, pre-loved Cotton saree from From the Trunk | StretchFit Blouse, pre-loved saree from From the Trunk",1219,no,no,yes,,No rendered-page correction identified by automated checks.
/collection/deep-wine-organza,Deep wine organza,deep-wine-organza,Organza,3299,https://schema.org/InStock,Deep wine organza,Deep wine organza – Pre-Loved Organza Saree | From The Trunk,"Own 'Deep wine organza', a one-of-a-kind pre-loved Organza saree authenticated by From The Trunk. A sumptuous burgundy saree. Shipped with provenance.",https://www.fromthetrunk.shop/collection/deep-wine-organza,"index, follow",yes,yes," | From the Trunk |  |  |  |  |  |  |  | Deep wine organza shown as a pre-loved saree, Organza | Moonstone Cream Mauve Border Saree, pre-loved Organza saree from From the Trunk | StretchFit Blouse, pre-loved Cotton saree from From the Trunk | StretchFit Blouse, pre-loved saree from From the Trunk | Sleeveless Cerise Pink StretchFit Blouse, pre-loved saree from From the Trunk",297,no,no,yes,,No rendered-page correction identified by automated checks.
/collection/indigo-dusk-silk-cotton,Indigo Dusk,indigo-dusk-silk-cotton,Cotton,5299,https://schema.org/InStock,Indigo Dusk,Indigo Dusk – Pre-Loved Cotton Saree | From The Trunk,"Own 'Indigo Dusk', a one-of-a-kind pre-loved Cotton saree authenticated by From The Trunk. A striking deep blue saree adorned. Shipped with provenance.",https://www.fromthetrunk.shop/collection/indigo-dusk-silk-cotton,"index, follow",yes,yes," | From the Trunk |  |  |  |  |  |  | Indigo Dusk shown as a pre-loved saree, Cotton | StretchFit Blouse, pre-loved Cotton saree from From the Trunk | Sleeveless Cerise Pink StretchFit Blouse, pre-loved saree from From the Trunk | Sleeveless Black StretchFit, pre-loved Cotton saree from From the Trunk | StretchFit Blouse, pre-loved saree from From the Trunk",295,no,no,yes,,No rendered-page correction identified by automated checks.
/collection/reddish-mango-cotton-orange-border,Reddish mango,reddish-mango-cotton-orange-border,Cotton,3799,https://schema.org/InStock,Reddish mango,Reddish mango – Pre-Loved Cotton Saree | From The Trunk,"Own 'Reddish mango', a one-of-a-kind pre-loved Cotton saree authenticated by From The Trunk. There is a precise moment in the. Shipped with provenance.",https://www.fromthetrunk.shop/collection/reddish-mango-cotton-orange-border,"index, follow",yes,yes," | From the Trunk |  |  |  |  |  | Reddish mango shown as a pre-loved saree, Cotton | StretchFit Blouse, pre-loved Cotton saree from From the Trunk | Sleeveless Cerise Pink StretchFit Blouse, pre-loved saree from From the Trunk | Sleeveless Black StretchFit, pre-loved Cotton saree from From the Trunk | StretchFit Blouse, pre-loved saree from From the Trunk",731,no,no,yes,,No rendered-page correction identified by automated checks.
/collection/magenta-cotton,Magenta Cotton Gold Zari Border,magenta-cotton,Cotton,3299,https://schema.org/InStock,Magenta Cotton Gold Zari Border,Magenta Cotton Gold Zari Border – Pre-Loved Cotton Saree | From The Trunk,"Own 'Magenta Cotton Gold Zari Border', a one-of-a-kind pre-loved Cotton saree authenticated by From The Trunk. Shipped with provenance.",https://www.fromthetrunk.shop/collection/magenta-cotton,"index, follow",yes,yes," | From the Trunk |  |  |  |  |  |  |  | Magenta Cotton Gold Zari Border shown as a pre-loved saree, Cotton | StretchFit Blouse, pre-loved Cotton saree from From the Trunk | Sleeveless Cerise Pink StretchFit Blouse, pre-loved saree from From the Trunk | Sleeveless Black StretchFit, pre-loved Cotton saree from From the Trunk | StretchFit Blouse, pre-loved saree from From the Trunk",422,no,no,yes,,No rendered-page correction identified by automated checks.
/collection/red-blue-madras-check-cotton,Red Blue Madras Check Cotton,red-blue-madras-check-cotton,Cotton Silk,3799,https://schema.org/InStock,Red Blue Madras Check Cotton,Red Blue Madras Check Cotton – Pre-Loved Cotton Silk Saree | From The Trunk,"Own 'Red Blue Madras Check Cotton', a one-of-a-kind pre-loved Cotton Silk saree authenticated by From The Trunk. Shipped with provenance.",https://www.fromthetrunk.shop/collection/red-blue-madras-check-cotton,"index, follow",yes,yes," | From the Trunk |  |  |  |  |  |  | Red Blue Madras Check Cotton shown as a pre-loved saree, Cotton Silk | StretchFit Blouse, pre-loved Cotton saree from From the Trunk | StretchFit Blouse, pre-loved saree from From the Trunk | Sleeveless Cerise Pink StretchFit Blouse, pre-loved saree from From the Trunk | Sleeveless Marigold Orange StretchFit, pre-loved saree from From the Trunk",768,no,no,yes,,No rendered-page correction identified by automated checks.
/collection/twilight-orange-cotton-weave,Twilight Orange Cotton Weave,twilight-orange-cotton-weave,Cotton,5299,https://schema.org/InStock,Twilight Orange Cotton Weave,Twilight Orange Cotton Weave – Pre-Loved Cotton Saree | From The Trunk,"Own 'Twilight Orange Cotton Weave', a one-of-a-kind pre-loved Cotton saree authenticated by From The Trunk. Shipped with provenance.",https://www.fromthetrunk.shop/collection/twilight-orange-cotton-weave,"index, follow",yes,yes," | From the Trunk |  |  |  |  |  |  |  | Twilight Orange Cotton Weave shown as a pre-loved saree, Cotton | StretchFit Blouse, pre-loved Cotton saree from From the Trunk | Sleeveless Cerise Pink StretchFit Blouse, pre-loved saree from From the Trunk | Sleeveless Black StretchFit, pre-loved Cotton saree from From the Trunk | StretchFit Blouse, pre-loved saree from From the Trunk",457,no,no,yes,,No rendered-page correction identified by automated checks.
/collection/lime-and-gold-cotton-classic,Lime and Gold Cotton Classic,lime-and-gold-cotton-classic,Cotton,3299,https://schema.org/InStock,Lime and Gold Cotton Classic,Lime and Gold Cotton Classic – Pre-Loved Cotton Saree | From The Trunk,"Own 'Lime and Gold Cotton Classic', a one-of-a-kind pre-loved Cotton saree authenticated by From The Trunk. Shipped with provenance.",https://www.fromthetrunk.shop/collection/lime-and-gold-cotton-classic,"index, follow",yes,yes," | From the Trunk |  |  |  |  |  |  | Lime and Gold Cotton Classic shown as a pre-loved saree, Cotton | StretchFit Blouse, pre-loved Cotton saree from From the Trunk | Sleeveless Cerise Pink StretchFit Blouse, pre-loved saree from From the Trunk | Sleeveless Black StretchFit, pre-loved Cotton saree from From the Trunk | StretchFit Blouse, pre-loved saree from From the Trunk",855,no,no,yes,,No rendered-page correction identified by automated checks.
/collection/midnight-tribe-gold-border-cotton,Midnight Tribe Gold Border Cotton,midnight-tribe-gold-border-cotton,Cotton,4299,https://schema.org/InStock,Midnight Tribe Gold Border Cotton,Midnight Tribe Gold Border Cotton – Pre-Loved Cotton Saree | From The Trunk,"Own 'Midnight Tribe Gold Border Cotton', a one-of-a-kind pre-loved Cotton saree authenticated by From The Trunk. Shipped with provenance.",https://www.fromthetrunk.shop/collection/midnight-tribe-gold-border-cotton,"index, follow",yes,yes," | From the Trunk |  |  |  |  |  |  |  | Midnight Tribe Gold Border Cotton shown as a pre-loved saree, Cotton | StretchFit Blouse, pre-loved Cotton saree from From the Trunk | Sleeveless Cerise Pink StretchFit Blouse, pre-loved saree from From the Trunk | Sleeveless Black StretchFit, pre-loved Cotton saree from From the Trunk | StretchFit Blouse, pre-loved saree from From the Trunk",561,no,no,yes,,No rendered-page correction identified by automated checks.
/collection/autumn-ember-golden-leaf-cotton,Autumn Ember Golden Leaf Cotton,autumn-ember-golden-leaf-cotton,Cotton,3799,https://schema.org/InStock,Autumn Ember Golden Leaf Cotton,Autumn Ember Golden Leaf Cotton – Pre-Loved Cotton Saree | From The Trunk,"Own 'Autumn Ember Golden Leaf Cotton', a one-of-a-kind pre-loved Cotton saree authenticated by From The Trunk. Shipped with provenance.",https://www.fromthetrunk.shop/collection/autumn-ember-golden-leaf-cotton,"index, follow",yes,yes," | From the Trunk |  |  |  |  |  |  |  | Autumn Ember Golden Leaf Cotton shown as a pre-loved saree, Cotton | StretchFit Blouse, pre-loved Cotton saree from From the Trunk | Sleeveless Cerise Pink StretchFit Blouse, pre-loved saree from From the Trunk | Sleeveless Black StretchFit, pre-loved Cotton saree from From the Trunk | StretchFit Blouse, pre-loved saree from From the Trunk",683,no,no,yes,,No rendered-page correction identified by automated checks.
/collection/orange-blossom-cotton-weave,Orange Blossom Cotton Weave,orange-blossom-cotton-weave,Cotton,5299,https://schema.org/LimitedAvailability,Orange Blossom Cotton Weave,Orange Blossom Cotton Weave – Pre-Loved Cotton Saree | From The Trunk,"Own 'Orange Blossom Cotton Weave', a one-of-a-kind pre-loved Cotton saree authenticated by From The Trunk. Shipped with provenance.",https://www.fromthetrunk.shop/collection/orange-blossom-cotton-weave,"index, follow",yes,yes," | From the Trunk |  |  |  |  |  | Orange Blossom Cotton Weave shown as a pre-loved saree, Cotton | StretchFit Blouse, pre-loved Cotton saree from From the Trunk | Sleeveless Cerise Pink StretchFit Blouse, pre-loved saree from From the Trunk | Sleeveless Black StretchFit, pre-loved Cotton saree from From the Trunk | StretchFit Blouse, pre-loved saree from From the Trunk",634,no,no,yes,,No rendered-page correction identified by automated checks.
/collection/midnight-kesari-cotton-drape,Midnight Kesari Cotton Drape,midnight-kesari-cotton-drape,Silk,4299,https://schema.org/InStock,Midnight Kesari Cotton Drape,Midnight Kesari Cotton Drape – Pre-Loved Silk Saree | From The Trunk,"Own 'Midnight Kesari Cotton Drape', a one-of-a-kind pre-loved Silk saree authenticated by From The Trunk. Shipped with provenance.",https://www.fromthetrunk.shop/collection/midnight-kesari-cotton-drape,"index, follow",yes,yes," | From the Trunk |  |  |  |  |  |  |  | Midnight Kesari Cotton Drape shown as a pre-loved saree, Silk | Coral Sunrise Chiffon Georgette Saree, pre-loved Silk saree from From the Trunk | Indigo & Plum Tied Silk Saree, pre-loved Silk saree from From the Trunk | Forest & Flame Tie Dye Silk, pre-loved Silk saree from From the Trunk | StretchFit Blouse, pre-loved Cotton saree from From the Trunk",1007,no,no,yes,,No rendered-page correction identified by automated checks.
/collection/blush-green-handwoven-cotton-drape,Blush green,blush-green-handwoven-cotton-drape,Cotton,2549,https://schema.org/InStock,Blush green,Blush green – Pre-Loved Cotton Saree | From The Trunk,"Own 'Blush green', a one-of-a-kind pre-loved Cotton saree authenticated by From The Trunk. There is a green that exists just. Shipped with provenance.",https://www.fromthetrunk.shop/collection/blush-green-handwoven-cotton-drape,"index, follow",yes,yes," | From the Trunk |  |  |  |  |  |  |  |  |  | Blush green shown as a pre-loved saree, Cotton | StretchFit Blouse, pre-loved Cotton saree from From the Trunk | Sleeveless Cerise Pink StretchFit Blouse, pre-loved saree from From the Trunk | Sleeveless Black StretchFit, pre-loved Cotton saree from From the Trunk | StretchFit Blouse, pre-loved saree from From the Trunk",732,no,no,yes,,No rendered-page correction identified by automated checks.
/collection/brown-kapi-cotton-black-line-border,Brown Kapi Cotton,brown-kapi-cotton-black-line-border,Cotton,2299,https://schema.org/InStock,Brown Kapi Cotton,Brown Kapi Cotton – Pre-Loved Cotton Saree | From The Trunk,"Own 'Brown Kapi Cotton', a one-of-a-kind pre-loved Cotton saree authenticated by From The Trunk. Kapi - the warm, toasted brown. Shipped with provenance.",https://www.fromthetrunk.shop/collection/brown-kapi-cotton-black-line-border,"index, follow",yes,yes," | From the Trunk |  |  |  |  | Brown Kapi Cotton shown as a pre-loved saree, Cotton | StretchFit Blouse, pre-loved Cotton saree from From the Trunk | Sleeveless Cerise Pink StretchFit Blouse, pre-loved saree from From the Trunk | Sleeveless Black StretchFit, pre-loved Cotton saree from From the Trunk | StretchFit Blouse, pre-loved saree from From the Trunk",455,no,no,yes,,No rendered-page correction identified by automated checks.
/collection/brown-and-mustard-light-silk,Brown and Mustard light Silk,brown-and-mustard-light-silk,Silk,3499,https://schema.org/InStock,Brown and Mustard light Silk,Brown and Mustard light Silk – Pre-Loved Silk Saree | From The Trunk,"Own 'Brown and Mustard light Silk', a one-of-a-kind pre-loved Silk saree authenticated by From The Trunk. Shipped with provenance.",https://www.fromthetrunk.shop/collection/brown-and-mustard-light-silk,"index, follow",yes,yes," | From the Trunk |  |  |  |  |  | Brown and Mustard light Silk shown as a pre-loved saree, Silk | Coral Sunrise Chiffon Georgette Saree, pre-loved Silk saree from From the Trunk | Indigo & Plum Tied Silk Saree, pre-loved Silk saree from From the Trunk | Forest & Flame Tie Dye Silk, pre-loved Silk saree from From the Trunk | StretchFit Blouse, pre-loved Cotton saree from From the Trunk",350,no,no,yes,,No rendered-page correction identified by automated checks.
/collection/kesari-sunset-chiffon-saree,Kesari Sunset Chiffon Saree,kesari-sunset-chiffon-saree,Chiffon,2549,https://schema.org/InStock,Kesari Sunset Chiffon Saree,Kesari Sunset Chiffon Saree | From The Trunk,"Own 'Kesari Sunset Chiffon Saree', a one-of-a-kind pre-loved Chiffon saree authenticated by From The Trunk. Shipped with provenance.",https://www.fromthetrunk.shop/collection/kesari-sunset-chiffon-saree,"index, follow",yes,yes," | From the Trunk |  |  |  |  |  |  | Kesari Sunset Chiffon Saree shown as a pre-loved saree, Chiffon | Tangerine Noir Floral Border Weave, pre-loved Chiffon saree from From the Trunk | Rose Vine Stripe Chiffon Saree, pre-loved Chiffon saree from From the Trunk | StretchFit Blouse, pre-loved Cotton saree from From the Trunk | StretchFit Blouse, pre-loved saree from From the Trunk",1043,no,no,yes,,No rendered-page correction identified by automated checks.
/collection/magenta-mist-chiffon-drape,Magenta Mist Chiffon Drape,magenta-mist-chiffon-drape,Chiffon,3049,https://schema.org/InStock,Magenta Mist Chiffon Drape,Magenta Mist Chiffon Drape – Pre-Loved Chiffon Saree | From The Trunk,"Own 'Magenta Mist Chiffon Drape', a one-of-a-kind pre-loved Chiffon saree authenticated by From The Trunk. Shipped with provenance.",https://www.fromthetrunk.shop/collection/magenta-mist-chiffon-drape,"index, follow",yes,yes," | From the Trunk |  |  |  |  | Magenta Mist Chiffon Drape shown as a pre-loved saree, Chiffon | Tangerine Noir Floral Border Weave, pre-loved Chiffon saree from From the Trunk | Rose Vine Stripe Chiffon Saree, pre-loved Chiffon saree from From the Trunk | StretchFit Blouse, pre-loved Cotton saree from From the Trunk | StretchFit Blouse, pre-loved saree from From the Trunk",1258,no,no,yes,,No rendered-page correction identified by automated checks.
/collection/green-chiffon-with-fancy-border,Mint Chiffon Garden Border Saree,green-chiffon-with-fancy-border,Chiffon,3299,https://schema.org/InStock,Mint Chiffon Garden Border Saree,Mint Chiffon Garden Border Saree – Pre-Loved Chiffon Saree | From The Trunk,"Own 'Mint Chiffon Garden Border Saree', a one-of-a-kind pre-loved Chiffon saree authenticated by From The Trunk. Shipped with provenance.",https://www.fromthetrunk.shop/collection/green-chiffon-with-fancy-border,"index, follow",yes,yes," | From the Trunk |  |  |  |  |  |  |  |  |  |  | Mint Chiffon Garden Border Saree shown as a pre-loved saree, Chiffon | Tangerine Noir Floral Border Weave, pre-loved Chiffon saree from From the Trunk | Rose Vine Stripe Chiffon Saree, pre-loved Chiffon saree from From the Trunk | StretchFit Blouse, pre-loved Cotton saree from From the Trunk | StretchFit Blouse, pre-loved saree from From the Trunk",565,no,no,yes,,No rendered-page correction identified by automated checks.
/collection/rani-pink-georgette-garden-party,Rani Pink Georgette,rani-pink-georgette-garden-party,Georgette,3549,https://schema.org/InStock,Rani Pink Georgette,Rani Pink Georgette – Pre-Loved Georgette Saree | From The Trunk,"Own 'Rani Pink Georgette', a one-of-a-kind pre-loved Georgette saree authenticated by From The Trunk. There is a particular. Shipped with provenance.",https://www.fromthetrunk.shop/collection/rani-pink-georgette-garden-party,"index, follow",yes,yes," | From the Trunk |  |  |  |  |  |  |  |  |  | Rani Pink Georgette shown as a pre-loved saree, Georgette | Sunset Ombré Chiffon Draped Dream, pre-loved Georgette saree from From the Trunk | StretchFit Blouse, pre-loved Cotton saree from From the Trunk | StretchFit Blouse, pre-loved saree from From the Trunk | Sleeveless Cerise Pink StretchFit Blouse, pre-loved saree from From the Trunk",1324,no,no,yes,,No rendered-page correction identified by automated checks.
/collection/midnight-zari-georgette,Midnight Gold Embroidered Georgette,midnight-zari-georgette,Georgette,4049,https://schema.org/InStock,Midnight Gold Embroidered Georgette,Midnight Gold Embroidered Georgette – Pre-Loved Georgette Saree | From The Trunk,"Own 'Midnight Gold Embroidered Georgette', a one-of-a-kind pre-loved Georgette saree authenticated by From The Trunk. Shipped with provenance.",https://www.fromthetrunk.shop/collection/midnight-zari-georgette,"index, follow",yes,yes," | From the Trunk |  |  |  |  |  |  |  |  |  |  |  |  |  |  |  | Midnight Gold Embroidered Georgette shown as a pre-loved saree, Georgette | Sunset Ombré Chiffon Draped Dream, pre-loved Georgette saree from From the Trunk | StretchFit Blouse, pre-loved Cotton saree from From the Trunk | StretchFit Blouse, pre-loved saree from From the Trunk | Sleeveless Cerise Pink StretchFit Blouse, pre-loved saree from From the Trunk",1394,no,no,yes,,No rendered-page correction identified by automated checks.
/collection/pressed-bloom-sheer-chiffon,Pressed Bloom Sheer Chiffon,pressed-bloom-sheer-chiffon,Chiffon,3299,https://schema.org/InStock,Pressed Bloom Sheer Chiffon,Pressed Bloom Sheer Chiffon – Pre-Loved Chiffon Saree | From The Trunk,"Own 'Pressed Bloom Sheer Chiffon', a one-of-a-kind pre-loved Chiffon saree authenticated by From The Trunk. Shipped with provenance.",https://www.fromthetrunk.shop/collection/pressed-bloom-sheer-chiffon,"index, follow",yes,yes," | From the Trunk |  |  |  |  |  |  | Pressed Bloom Sheer Chiffon shown as a pre-loved saree, Chiffon | Tangerine Noir Floral Border Weave, pre-loved Chiffon saree from From the Trunk | Rose Vine Stripe Chiffon Saree, pre-loved Chiffon saree from From the Trunk | StretchFit Blouse, pre-loved Cotton saree from From the Trunk | StretchFit Blouse, pre-loved saree from From the Trunk",1158,no,no,yes,,No rendered-page correction identified by automated checks.
/collection/mayil-peacock-kanjivaram-mix,MAYIL,mayil-peacock-kanjivaram-mix,Kanjeevaram Mix,5299,https://schema.org/InStock,MAYIL,MAYIL – Pre-Loved Kanjeevaram Mix Saree | From The Trunk,"Own 'MAYIL', a one-of-a-kind pre-loved Kanjeevaram Mix saree authenticated by From The Trunk. Named for the Tamil word for. Shipped with provenance.",https://www.fromthetrunk.shop/collection/mayil-peacock-kanjivaram-mix,"index, follow",yes,yes," | From the Trunk |  |  |  |  |  |  |  |  |  |  |  |  | MAYIL shown as a pre-loved saree, Kanjeevaram Mix | StretchFit Blouse, pre-loved Cotton saree from From the Trunk | StretchFit Blouse, pre-loved saree from From the Trunk | Sleeveless Cerise Pink StretchFit Blouse, pre-loved saree from From the Trunk | Sleeveless Marigold Orange StretchFit, pre-loved saree from From the Trunk",1157,no,no,yes,,No rendered-page correction identified by automated checks.
/collection/burnt-orange-temple-border-kanjivaram,Kanchipuram Burnt Orange Heirloom Silk,burnt-orange-temple-border-kanjivaram,Kanjeevaram,5299,https://schema.org/InStock,Kanchipuram Burnt Orange Heirloom Silk,Kanchipuram Burnt Orange Heirloom Silk – Pre-Loved Kanjeevaram Saree | From The Trunk,"Own 'Kanchipuram Burnt Orange Heirloom Silk', a one-of-a-kind pre-loved Kanjeevaram saree authenticated by From The Trunk. Shipped with provenance.",https://www.fromthetrunk.shop/collection/burnt-orange-temple-border-kanjivaram,"index, follow",yes,yes," | From the Trunk |  |  |  |  |  |  |  |  |  |  |  |  |  |  |  |  |  |  |  |  |  |  |  |  |  |  |  |  |  |  |  | Kanchipuram Burnt Orange Heirloom Silk shown as a pre-loved saree, Kanjeevaram | StretchFit Blouse, pre-loved Cotton saree from From the Trunk | StretchFit Blouse, pre-loved saree from From the Trunk | Sleeveless Cerise Pink StretchFit Blouse, pre-loved saree from From the Trunk | Sleeveless Marigold Orange StretchFit, pre-loved saree from From the Trunk",1284,no,no,yes,,No rendered-page correction identified by automated checks.
/collection/semmanjal-turmeric-gold-kanjeevaram,Semmanjal kanjivaram,semmanjal-turmeric-gold-kanjeevaram,Kanjeevaram,5299,https://schema.org/InStock,Semmanjal kanjivaram,Semmanjal kanjivaram – Pre-Loved Kanjeevaram Saree | From The Trunk,"Own 'Semmanjal kanjivaram', a one-of-a-kind pre-loved Kanjeevaram saree authenticated by From The Trunk. There is a colour in. Shipped with provenance.",https://www.fromthetrunk.shop/collection/semmanjal-turmeric-gold-kanjeevaram,"index, follow",yes,yes," | From the Trunk |  |  |  |  |  |  |  |  |  |  |  |  |  |  |  | Semmanjal kanjivaram shown as a pre-loved saree, Kanjeevaram | StretchFit Blouse, pre-loved Cotton saree from From the Trunk | StretchFit Blouse, pre-loved saree from From the Trunk | Sleeveless Cerise Pink StretchFit Blouse, pre-loved saree from From the Trunk | Sleeveless Marigold Orange StretchFit, pre-loved saree from From the Trunk",1280,no,no,yes,,No rendered-page correction identified by automated checks.
/collection/thangam-golden-weave-kanjivaram,Thangam Golden Weave Kanjivaram,thangam-golden-weave-kanjivaram,Kanjeevaram,5299,https://schema.org/InStock,Thangam Golden Weave Kanjivaram,Thangam Golden Weave Kanjivaram – Pre-Loved Kanjeevaram Saree | From The Trunk,"Own 'Thangam Golden Weave Kanjivaram', a one-of-a-kind pre-loved Kanjeevaram saree authenticated by From The Trunk. Shipped with provenance.",https://www.fromthetrunk.shop/collection/thangam-golden-weave-kanjivaram,"index, follow",yes,yes," | From the Trunk |  |  |  |  |  |  |  |  |  |  |  |  |  |  |  |  |  | Thangam Golden Weave Kanjivaram shown as a pre-loved saree, Kanjeevaram | StretchFit Blouse, pre-loved Cotton saree from From the Trunk | StretchFit Blouse, pre-loved saree from From the Trunk | Sleeveless Cerise Pink StretchFit Blouse, pre-loved saree from From the Trunk | Sleeveless Marigold Orange StretchFit, pre-loved saree from From the Trunk",1140,no,no,yes,,No rendered-page correction identified by automated checks.
/collection/violet-bloom-cotton-drape,Violet Bloom Cotton Drape,violet-bloom-cotton-drape,Georgette,5299,https://schema.org/LimitedAvailability,Violet Bloom Cotton Drape,Violet Bloom Cotton Drape – Pre-Loved Georgette Saree | From The Trunk,"Own 'Violet Bloom Cotton Drape', a one-of-a-kind pre-loved Georgette saree authenticated by From The Trunk. Shipped with provenance.",https://www.fromthetrunk.shop/collection/violet-bloom-cotton-drape,"index, follow",yes,yes," | From the Trunk |  |  |  |  |  |  |  |  | Violet Bloom Cotton Drape shown as a pre-loved saree, Georgette | Sunset Ombré Chiffon Draped Dream, pre-loved Georgette saree from From the Trunk | StretchFit Blouse, pre-loved Cotton saree from From the Trunk | StretchFit Blouse, pre-loved saree from From the Trunk | Sleeveless Cerise Pink StretchFit Blouse, pre-loved saree from From the Trunk",722,no,no,yes,,No rendered-page correction identified by automated checks.
/collection/moss-green-lightweight-silk-selai,Soft Girl Selai Green,moss-green-lightweight-silk-selai,Silk,3299,https://schema.org/InStock,Soft Girl Selai Green,Soft Girl Selai Green – Pre-Loved Silk Saree | From The Trunk,"Own 'Soft Girl Selai Green', a one-of-a-kind pre-loved Silk saree authenticated by From The Trunk. There is a particular shade. Shipped with provenance.",https://www.fromthetrunk.shop/collection/moss-green-lightweight-silk-selai,"index, follow",yes,yes," | From the Trunk |  |  |  |  |  | Soft Girl Selai Green shown as a pre-loved saree, Silk | Coral Sunrise Chiffon Georgette Saree, pre-loved Silk saree from From the Trunk | Indigo & Plum Tied Silk Saree, pre-loved Silk saree from From the Trunk | Forest & Flame Tie Dye Silk, pre-loved Silk saree from From the Trunk | StretchFit Blouse, pre-loved Cotton saree from From the Trunk",1001,no,no,yes,,No rendered-page correction identified by automated checks.
/collection/heritage-zari-border-kanjivaram,Classic Gold Weave Kanjivaram,heritage-zari-border-kanjivaram,Kanjeevaram,5299,https://schema.org/InStock,Classic Gold Weave Kanjivaram,Classic Gold Weave Kanjivaram – Pre-Loved Kanjeevaram Saree | From The Trunk,"Own 'Classic Gold Weave Kanjivaram', a one-of-a-kind pre-loved Kanjeevaram saree authenticated by From The Trunk. Shipped with provenance.",https://www.fromthetrunk.shop/collection/heritage-zari-border-kanjivaram,"index, follow",yes,yes," | From the Trunk |  |  |  |  |  | Classic Gold Weave Kanjivaram shown as a pre-loved saree, Kanjeevaram | StretchFit Blouse, pre-loved Cotton saree from From the Trunk | StretchFit Blouse, pre-loved saree from From the Trunk | Sleeveless Cerise Pink StretchFit Blouse, pre-loved saree from From the Trunk | Sleeveless Marigold Orange StretchFit, pre-loved saree from From the Trunk",1163,no,no,yes,,No rendered-page correction identified by automated checks.
/collection/nava-pazham-kanjeevaram-silk,Nava Pazham,nava-pazham-kanjeevaram-silk,Kanjeevaram,5299,https://schema.org/InStock,Nava Pazham,Nava Pazham – Pre-Loved Kanjeevaram Saree | From The Trunk,"Own 'Nava Pazham', a one-of-a-kind pre-loved Kanjeevaram saree authenticated by From The Trunk. Among the most revered motifs in. Shipped with provenance.",https://www.fromthetrunk.shop/collection/nava-pazham-kanjeevaram-silk,"index, follow",yes,yes," | From the Trunk |  |  |  |  | Nava Pazham shown as a pre-loved saree, Kanjeevaram | StretchFit Blouse, pre-loved Cotton saree from From the Trunk | StretchFit Blouse, pre-loved saree from From the Trunk | Sleeveless Cerise Pink StretchFit Blouse, pre-loved saree from From the Trunk | Sleeveless Marigold Orange StretchFit, pre-loved saree from From the Trunk",1130,no,no,yes,,No rendered-page correction identified by automated checks.
/collection/nila-blue-gold-zari-silk,Nila Blue Gold Zari Silk,nila-blue-gold-zari-silk,Silk,4299,https://schema.org/InStock,Nila Blue Gold Zari Silk,Nila Blue Gold Zari Silk – Pre-Loved Silk Saree | From The Trunk,"Own 'Nila Blue Gold Zari Silk', a one-of-a-kind pre-loved Silk saree authenticated by From The Trunk. Blue Nila carries that. Shipped with provenance.",https://www.fromthetrunk.shop/collection/nila-blue-gold-zari-silk,"index, follow",yes,yes," | From the Trunk |  |  |  |  |  |  |  |  | Nila Blue Gold Zari Silk shown as a pre-loved saree, Silk | Coral Sunrise Chiffon Georgette Saree, pre-loved Silk saree from From the Trunk | Indigo & Plum Tied Silk Saree, pre-loved Silk saree from From the Trunk | Forest & Flame Tie Dye Silk, pre-loved Silk saree from From the Trunk | StretchFit Blouse, pre-loved Cotton saree from From the Trunk",370,no,no,yes,,No rendered-page correction identified by automated checks.
/collection/colorful-vintage-kanjeevaram,Colorful Vintage Kanjeevaram,colorful-vintage-kanjeevaram,Kanjeevaram,4799,https://schema.org/InStock,Colorful Vintage Kanjeevaram,Colorful Vintage Kanjeevaram – Pre-Loved Kanjeevaram Saree | From The Trunk,"Own 'Colorful Vintage Kanjeevaram', a one-of-a-kind pre-loved Kanjeevaram saree authenticated by From The Trunk. Shipped with provenance.",https://www.fromthetrunk.shop/collection/colorful-vintage-kanjeevaram,"index, follow",yes,yes," | From the Trunk |  |  |  |  |  |  |  |  |  |  |  | Colorful Vintage Kanjeevaram shown as a pre-loved saree, Kanjeevaram | StretchFit Blouse, pre-loved Cotton saree from From the Trunk | StretchFit Blouse, pre-loved saree from From the Trunk | Sleeveless Cerise Pink StretchFit Blouse, pre-loved saree from From the Trunk | Sleeveless Marigold Orange StretchFit, pre-loved saree from From the Trunk",354,no,no,yes,,No rendered-page correction identified by automated checks.
/collection/gulabi-kota-cotton,Gulabi Kota Cotton,gulabi-kota-cotton,Kota Cotton,5299,https://schema.org/InStock,Gulabi Kota Cotton,Gulabi Kota Cotton – Pre-Loved Kota Cotton Saree | From The Trunk,"Own 'Gulabi Kota Cotton', a one-of-a-kind pre-loved Kota Cotton saree authenticated by From The Trunk. Picture this: a gorgeous. Shipped with provenance.",https://www.fromthetrunk.shop/collection/gulabi-kota-cotton,"index, follow",yes,yes," | From the Trunk |  |  |  |  |  |  |  |  |  |  | Gulabi Kota Cotton shown as a pre-loved saree, Kota Cotton | StretchFit Blouse, pre-loved Cotton saree from From the Trunk | StretchFit Blouse, pre-loved saree from From the Trunk | Sleeveless Cerise Pink StretchFit Blouse, pre-loved saree from From the Trunk | Sleeveless Marigold Orange StretchFit, pre-loved saree from From the Trunk",504,no,no,yes,,No rendered-page correction identified by automated checks.
/collection/kempu-pachai-and-bandhani,Kempu Pachai & Bandhani,kempu-pachai-and-bandhani,Silk,3299,https://schema.org/InStock,Kempu Pachai & Bandhani,Kempu Pachai & Bandhani – Pre-Loved Silk Saree | From The Trunk,"Own 'Kempu Pachai & Bandhani', a one-of-a-kind pre-loved Silk saree authenticated by From The Trunk. In the lexicon of Indian. Shipped with provenance.",https://www.fromthetrunk.shop/collection/kempu-pachai-and-bandhani,"index, follow",yes,yes," | From the Trunk |  |  |  |  |  |  |  |  |  |  |  | Kempu Pachai & Bandhani shown as a pre-loved saree, Silk | Coral Sunrise Chiffon Georgette Saree, pre-loved Silk saree from From the Trunk | Indigo & Plum Tied Silk Saree, pre-loved Silk saree from From the Trunk | Forest & Flame Tie Dye Silk, pre-loved Silk saree from From the Trunk | StretchFit Blouse, pre-loved Cotton saree from From the Trunk",463,no,no,yes,,No rendered-page correction identified by automated checks.
/collection/pachai-linen-golden-border-drape,Pachai Linen Blend,pachai-linen-golden-border-drape,Linen Blend,3799,https://schema.org/InStock,Pachai Linen Blend,Pachai Linen Blend – Pre-Loved Linen Blend Saree | From The Trunk,"Own 'Pachai Linen Blend', a one-of-a-kind pre-loved Linen Blend saree authenticated by From The Trunk. Some colours don't ask. Shipped with provenance.",https://www.fromthetrunk.shop/collection/pachai-linen-golden-border-drape,"index, follow",yes,yes," | From the Trunk |  |  |  |  |  |  |  |  |  |  |  |  | Pachai Linen Blend shown as a pre-loved saree, Linen Blend | StretchFit Blouse, pre-loved Cotton saree from From the Trunk | StretchFit Blouse, pre-loved saree from From the Trunk | Sleeveless Cerise Pink StretchFit Blouse, pre-loved saree from From the Trunk | Sleeveless Marigold Orange StretchFit, pre-loved saree from From the Trunk",469,no,no,yes,,No rendered-page correction identified by automated checks.
/collection/stretchfit-blouse,StretchFit Blouse,stretchfit-blouse,,,,StretchFit Blouse,From The Trunk Product | From The Trunk,Explore authenticated pre-loved luxury sarees from From The Trunk.,https://www.fromthetrunk.shop/collection/stretchfit-blouse,"noindex, follow",no,yes," | From the Trunk |  |  |  |  | StretchFit Blouse shown as a pre-loved saree, Cotton | Sleeveless Cerise Pink StretchFit Blouse, pre-loved saree from From the Trunk | Sleeveless Black StretchFit, pre-loved Cotton saree from From the Trunk | StretchFit Blouse, pre-loved saree from From the Trunk | Sleeveless Marigold Orange StretchFit, pre-loved saree from From the Trunk",0,no,no,no,,No rendered-page correction identified by automated checks.
/collection/stretchfit-blouse-1,StretchFit Blouse,stretchfit-blouse-1,,,,StretchFit Blouse,From The Trunk Product | From The Trunk,Explore authenticated pre-loved luxury sarees from From The Trunk.,https://www.fromthetrunk.shop/collection/stretchfit-blouse-1,"noindex, follow",no,yes," | From the Trunk |  |  |  |  | StretchFit Blouse shown as a pre-loved saree | Sleeveless Marigold Orange StretchFit, pre-loved saree from From the Trunk | StretchFit Blouse, pre-loved Cotton saree from From the Trunk | Sleeveless Cerise Pink StretchFit Blouse, pre-loved saree from From the Trunk | Sleeveless Black StretchFit, pre-loved Cotton saree from From the Trunk",0,no,no,no,,No rendered-page correction identified by automated checks.
/collection/sleeveless-cerise-pink-stretchfit-blouse,Sleeveless Cerise Pink StretchFit Blouse,sleeveless-cerise-pink-stretchfit-blouse,,,,Sleeveless Cerise Pink StretchFit Blouse,From The Trunk Product | From The Trunk,Explore authenticated pre-loved luxury sarees from From The Trunk.,https://www.fromthetrunk.shop/collection/sleeveless-cerise-pink-stretchfit-blouse,"noindex, follow",no,yes," | From the Trunk |  |  |  |  | Sleeveless Cerise Pink StretchFit Blouse shown as a pre-loved saree | Sleeveless Black StretchFit, pre-loved Cotton saree from From the Trunk | StretchFit Blouse, pre-loved Cotton saree from From the Trunk | StretchFit Blouse, pre-loved saree from From the Trunk | Sleeveless Marigold Orange StretchFit, pre-loved saree from From the Trunk",0,no,no,no,,No rendered-page correction identified by automated checks.
/collection/sleeveless-marigold-orange-stretchfit,Sleeveless Marigold Orange StretchFit,sleeveless-marigold-orange-stretchfit,,,,Sleeveless Marigold Orange StretchFit,From The Trunk Product | From The Trunk,Explore authenticated pre-loved luxury sarees from From The Trunk.,https://www.fromthetrunk.shop/collection/sleeveless-marigold-orange-stretchfit,"noindex, follow",no,yes," | From the Trunk |  |  |  |  | Sleeveless Marigold Orange StretchFit shown as a pre-loved saree | StretchFit Blouse, pre-loved saree from From the Trunk | StretchFit Blouse, pre-loved Cotton saree from From the Trunk | Sleeveless Cerise Pink StretchFit Blouse, pre-loved saree from From the Trunk | Sleeveless Black StretchFit, pre-loved Cotton saree from From the Trunk",0,no,no,no,,No rendered-page correction identified by automated checks.
/collection/sleeveless-black-stretchfit,Sleeveless Black StretchFit,sleeveless-black-stretchfit,,,,Sleeveless Black StretchFit,From The Trunk Product | From The Trunk,Explore authenticated pre-loved luxury sarees from From The Trunk.,https://www.fromthetrunk.shop/collection/sleeveless-black-stretchfit,"noindex, follow",no,yes," | From the Trunk |  |  |  |  | Sleeveless Black StretchFit shown as a pre-loved saree, Cotton | Sleeveless Cerise Pink StretchFit Blouse, pre-loved saree from From the Trunk | StretchFit Blouse, pre-loved Cotton saree from From the Trunk | StretchFit Blouse, pre-loved saree from From the Trunk | Sleeveless Marigold Orange StretchFit, pre-loved saree from From the Trunk",0,no,no,no,,No rendered-page correction identified by automated checks.
/collection/rose-vine-stripe-chiffon-saree,Rose Vine Stripe Chiffon Saree,rose-vine-stripe-chiffon-saree,Chiffon,2049,https://schema.org/OutOfStock,Rose Vine Stripe Chiffon Saree,Rose Vine Stripe Chiffon Saree | From The Trunk,"Own 'Rose Vine Stripe Chiffon Saree', a one-of-a-kind pre-loved Chiffon saree authenticated by From The Trunk. Shipped with provenance.",https://www.fromthetrunk.shop/collection/rose-vine-stripe-chiffon-saree,"index, follow",yes,yes," | From the Trunk |  |  |  |  |  |  | Rose Vine Stripe Chiffon Saree shown as a pre-loved saree, Chiffon | Tangerine Noir Floral Border Weave, pre-loved Chiffon saree from From the Trunk | StretchFit Blouse, pre-loved Cotton saree from From the Trunk | StretchFit Blouse, pre-loved saree from From the Trunk | Sleeveless Cerise Pink StretchFit Blouse, pre-loved saree from From the Trunk",437,no,no,no,indexable URL missing from sitemap,Review: indexable URL missing from sitemap.
/collection/coral-sunrise-chiffon-georgette-saree,Coral Sunrise Chiffon Georgette Saree,coral-sunrise-chiffon-georgette-saree,Silk,2599,https://schema.org/OutOfStock,Coral Sunrise Chiffon Georgette Saree,Coral Sunrise Chiffon Georgette Saree – Pre-Loved Silk Saree | From The Trunk,"Own 'Coral Sunrise Chiffon Georgette Saree', a one-of-a-kind pre-loved Silk saree authenticated by From The Trunk. Shipped with provenance.",https://www.fromthetrunk.shop/collection/coral-sunrise-chiffon-georgette-saree,"index, follow",yes,yes," | From the Trunk |  |  |  |  |  |  |  |  | Coral Sunrise Chiffon Georgette Saree shown as a pre-loved saree, Silk | Indigo & Plum Tied Silk Saree, pre-loved Silk saree from From the Trunk | Forest & Flame Tie Dye Silk, pre-loved Silk saree from From the Trunk | StretchFit Blouse, pre-loved Cotton saree from From the Trunk | StretchFit Blouse, pre-loved saree from From the Trunk",661,no,no,no,indexable URL missing from sitemap,Review: indexable URL missing from sitemap.
