Priority,Task,Files likely affected,Routes affected,Expected SEO impact,Risk,Effort estimate,Should do before production?,Notes
High,Add the route only after confirming durable content and canonical indexability.,app/(site)/collection/fabric/[fabric]/page.tsx | lib/seo/metadata.ts | lib/products/sort.ts | components/seo/keyword-product-landing-page.tsx | lib/seo/json-ld.ts | lib/products/display-details.ts | components/product/product-card.tsx | lib/products/product-type.ts | components/product/product-card-commerce-row.tsx | components/product/wishlist-button.tsx | lib/realtime/use-live-product-stock.ts,/collection/fabric/chiffon,"XML sitemaps should list canonical, indexable, successful URLs only.",Low when covered by existing tests and recrawl,Low,yes,Source issue RND-047: Canonical indexable page is missing from the sitemap.
High,Emit the intended noindex directive at page or response-header level.,app/(site)/[...slug]/page.tsx | lib/content/blocks/faq.tsx | lib/seo/json-ld.ts | lib/products/display-details.ts | lib/content/blocks/product-grid.tsx | lib/data/products.ts | lib/cache/product-cache-probe.ts | lib/cache/product-cache.ts | lib/products/sort.ts | components/product/product-card.tsx | lib/products/product-type.ts | components/product/product-card-commerce-row.tsx | components/product/wishlist-button.tsx | lib/realtime/use-live-product-stock.ts,/admin,Robots directives control eligibility and crawler behavior.,Low when covered by existing tests and recrawl,Low,yes,Source issue RND-049: Utility/private/query page is indexable.
High,"Allow these utility pages to be crawled while retaining noindex, follow metadata; keep admin/API protections separate.",app/robots.ts:11; lib/seo/route-metadata.ts:5,"/account, /cart, /checkout, /search",Robots blocking is not a substitute for noindex and can leave URL-only index entries while suppressing link discovery.,Low when covered by existing tests and recrawl,Low,yes,"Source issue SRC-001: robots.txt disallows customer utility pages whose metadata intends noindex, follow."
High,"Link the relevant labels to /top-viewed, /blouses, and eligible canonical fabric/occasion landing pages.",components/layout/site-header-nav.tsx:10; components/sections/fabric-category-section.tsx:19; app/(site)/collection/page.tsx:119,Header and homepage category links,Internal authority and crawl discovery are sent to URLs intentionally canonicalized away and noindexed.,Low when covered by existing tests and recrawl,Low,yes,Source issue SRC-002: Primary internal links point to noindex collection query variants instead of dedicated canonical landing pages.
High,"Make sitemap inclusion use the same product-count eligibility decision as metadata, with explicit route policy overrides only where intentional.",lib/seo/keyword-landing-pages.ts:439; app/sitemap.ts:143,/collection/fabric/* and /collection/occasion/*,Indexable landing pages can lack XML discovery even when they meet the intended quality threshold.,Low when covered by existing tests and recrawl,Low,yes,Source issue SRC-003: Some keyword pages can become indexable at the product threshold but remain permanently excluded from the sitemap.
High,"Replace every placeholder with approved legal entity, jurisdiction, officer, contact, hours, and address details before launch.",lib/legal/policies.ts:5; lib/legal/policies.ts:646,/policies/*,"Visible placeholders undermine legal clarity, trust, and answer-engine reliability on sitemap-listed pages.",Requires approved business/legal input,Low after inputs,yes,Source issue SRC-004: Indexable legal pages contain unresolved bracketed business placeholders.
Medium,Derive lastmod from maintained content timestamps or a route-specific audited constant.,app/sitemap.ts:16,/policies/* and static pages,Stale or synthetic freshness signals reduce sitemap accuracy.,Low when covered by existing tests and recrawl,Low,recommended,"Source issue SRC-005: Static, policy, and keyword sitemap lastmod values use one synthetic 2026-04-27 date."
Medium,"Choose and document a sold-product retention policy, then reuse one eligibility function across metadata, sitemap, and llms.txt.",lib/seo/product-indexing.ts:98; lib/seo/product-indexing.ts:128,Sold product PDPs,A sold PDP may remain indexable but disappear from maintained discovery surfaces.,Requires approved business/legal input,Medium,decision required,Source issue SRC-006: Sold-product page indexability can diverge from sitemap and llms.txt eligibility.
Medium,Feed Product JSON-LD the same effective availability calculation used by the rendered PDP.,db/inventory.ts:26; lib/seo/json-ld.ts:54,Reserved product PDPs,Structured data should match visible product facts.,Low when covered by existing tests and recrawl,Medium,recommended,Source issue SRC-007: Product Offer availability can disagree with the visible availability after a reservation expires.
Medium,"Include only published, SEO-complete CMS pages in the sitemap and validate their metadata before publish.",app/(site)/[...slug]/page.tsx:137; app/sitemap.ts:18,/[...slug],Future published CMS pages can become indexable without XML discovery and with optional metadata fields.,Low when covered by existing tests and recrawl,Medium,recommended,Source issue SRC-008: Published CMS catch-all pages are not included by sitemap aggregation.
Medium,"Verify preview response headers live and make draft-mode noindex, nofollow explicit if not already enforced upstream.",app/(site)/[...slug]/page.tsx,Draft CMS preview,"A preview URL should never inherit index, follow if exposed.",Low when covered by existing tests and recrawl,Low,recommended,Source issue SRC-009: Draft preview noindex behavior is not explicit in the route metadata source.
Medium,Paginate until exhaustion or apply eligibility in the database query before a documented cap.,app/sitemap.ts:18; app/llms.txt/route.ts:47,Product discovery files,Eligible products beyond the cap can silently disappear from discovery files.,Low when covered by existing tests and recrawl,Medium,recommended,"Source issue SRC-010: Product discovery queries have fixed 1,000-item sitemap and 200-item llms.txt caps before eligibility filtering."
Medium,Apply a data threshold or render durable editorial content sufficient for an indexable landing page.,app/(site)/top-viewed/page.tsx:12,/top-viewed,An empty landing page can become a soft-404 or thin-content signal.,Requires approved business/legal input,Low,decision required,Source issue SRC-011: Top Viewed is always indexable and sitemap-listed even when it renders an empty result state.
Medium,Define one audited navigation source per slot with a single documented fallback.,components/layout/site-header-server.tsx:14; lib/content/nav-menu.ts:35; components/layout/site-footer.tsx:8,Header/footer,SEO-critical internal links can differ by runtime data and implementation path.,Low when covered by existing tests and recrawl,Medium,recommended,"Source issue SRC-012: Navigation has divergent hardcoded, database-managed, and fallback sources of truth."
Low,"Review for a unique, factual description around 120-155 characters; do not keyword-stuff.",app/(site)/packing/page.tsx | lib/seo/metadata.ts,/packing,Unique descriptions improve result clarity and prevent duplicated snippets.,Low when covered by existing tests and recrawl,Low,recommended,Source issue RND-015: Meta-description length is outside the audit guideline.
Low,Review for clarity around 30-60 characters without truncating required product identity.,app/(site)/collection/[slug]/page.tsx | lib/products/product-type.ts | lib/seo/metadata.ts | lib/products/sort.ts | lib/seo/product-indexing.ts | lib/seo/pdp-meta.ts | lib/seo/json-ld.ts | lib/products/display-details.ts | lib/data/products.ts | lib/cache/product-cache-probe.ts | lib/cache/product-cache.ts | components/product/restock-notify-button.tsx | components/product/wishlist-button.tsx | components/product/recently-viewed.tsx | components/product/product-view-tracker.tsx | components/product/blouse-purchase-controls.tsx | components/product/blouse-size-selector.tsx | components/product/blouse-size-chart-dialog.tsx | components/product/blouse-size-chart-table.tsx | lib/realtime/use-live-product-stock.ts | components/product/product-card.tsx | components/product/product-card-commerce-row.tsx | components/product/product-gallery.tsx,/collection/tangerine-noir-floral-border-weave,Titles are a primary search-result and relevance signal.,Low when covered by existing tests and recrawl,Low,recommended,Source issue RND-020: Title length is outside the audit guideline.
Low,"After ownership verification, align Organization sameAs with approved official profiles.",lib/seo/json-ld.ts:81,Sitewide Organization schema,"Verified entity links can strengthen brand consistency, but unverified profiles must not be asserted.",Requires approved business/legal input,Low,decision required,Source issue SRC-013: Organization sameAs contains Instagram only while the footer exposes additional social profiles.
Low,Choose the intended scope (team or founders) and align route copy and metadata after editorial approval.,components/sections/founders-page-client.tsx:334,/our-team,Title/H1 alignment helps users and search engines understand the page consistently.,Requires approved business/legal input,Low,decision required,Source issue SRC-014: The page title says Our Team while the visible H1 says Our Founders.
